nct_id,brief_title,overall_status,phase,start_date,completion_date,enrollment,sponsor_name,lead_or_collaborator,start_year,who_gap_period,condition,status_clean,enrollment_capped,sponsor_category,duration_months
NCT00513396,High-Dose Isoniazid Adjuvant Therapy for Multidrug Resistant Tuberculosis,COMPLETED,Phase 2/3,2004-01-31,2006-12-31,134.0,GSVM Medical College,lead,2004.0,Pre-WHO GAP,"tuberculosis, multidrug-resistant",Completed,134.0,Academic/Research,35.0
NCT01201941,"Operational Assessment of Laboratory Information System for MDR-TB in Lima, Peru",COMPLETED,,2004-11-30,2009-03-31,1849.0,Brigham and Women's Hospital,lead,2004.0,Pre-WHO GAP,"tuberculosis, multidrug-resistant",Completed,1849.0,Academic/Research,52.0
NCT00324922,Vancomycin Or Trimethoprim/Sulfamethoxazole for Methicillin-resistant Staphylococcus Aureus Osteomyelitis,COMPLETED,Phase 3,2006-05-01,2007-05-01,2.0,University of Washington,lead,2006.0,Pre-WHO GAP,methicillin-resistant staphylococcus aureus,Completed,2.0,Academic/Research,12.0
NCT00425113,Metronidazole for Pulmonary Tuberculosis (South Korea),COMPLETED,Phase 2,2006-12-31,2013-02-28,35.0,National Institute of Allergy and Infectious Diseases (NIAID),lead,2006.0,Pre-WHO GAP,multi-drug resistant tuberculosis,Completed,35.0,Academic/Research,73.9
NCT01200654,Population Pharmacokinetics of Linezolid,COMPLETED,Phase 4,2007-11-30,2010-08-31,60.0,"University Hospital, Toulouse",lead,2007.0,Pre-WHO GAP,methicillin-resistant staphylococcus aureus,Completed,60.0,Academic/Research,33.0
NCT00591474,The Influence of Probiotics on Vancomycin-Resistant Enterococcus,TERMINATED,,2007-12-31,2010-06-30,8.0,Oregon Health and Science University,lead,2007.0,Pre-WHO GAP,gi colonization of vancomycin-resistant enterococcus,Terminated,8.0,Academic/Research,30.0
NCT01028105,Incidence and Relationship of Positive Preoperative Methicillin Resistant Staphylococcus Aureus (MRSA) Screens and Post-operative Infections,TERMINATED,,2008-02-29,2013-10-31,975.0,Cardinal Health,collaborator,2008.0,Pre-WHO GAP,methicillin-resistant staphylococcus aureus infection,Terminated,975.0,Industry,68.0
NCT00713674,Comparison of Decolonization of Methicillin-resistant Staphylococcus Aureus (MRSA) Using Theraworx,WITHDRAWN,,2008-03-31,2009-02-28,0.0,Mercy Research,lead,2008.0,Pre-WHO GAP,methicillin-resistant staphylococcus aureus,Withdrawn,0.0,Industry,11.0
NCT00685360,"A Trial to Evaluate OPC 67683 in Participants With Pulmonary Sputum Culture-positive, Multidrug-resistant Tuberculosis (TB)",COMPLETED,Phase 2,2008-05-08,2010-06-11,481.0,"Otsuka Pharmaceutical Development & Commercialization, Inc.",lead,2008.0,Pre-WHO GAP,extensively drug-resistant tuberculosis,Completed,481.0,Industry,25.1
NCT00727844,Linezolid to Treat Extensively-Drug Resistant Tuberculosis,COMPLETED,Phase 2,2008-07-31,2014-11-30,41.0,National Institute of Allergy and Infectious Diseases (NIAID),lead,2008.0,Pre-WHO GAP,multidrug resistant tuberculosis,Completed,41.0,Academic/Research,76.0
NCT00822692,Trial of Septra for Uncomplicated Skin Abscesses in Patients at Risk for Community Acquired Methicillin-Resistant Staphylococcus Aureus Infection,COMPLETED,,2008-07-31,2009-06-30,139.0,Emergency Medicine Foundation,collaborator,2008.0,Pre-WHO GAP,abscess,Completed,139.0,Academic/Research,11.0
NCT01438515,Randomized Controlled Trial of Standard Versus Systemic Decolonization Therapy for the Eradication of Methicillin-resistant Staphylococcus Aureus (MRSA) Colonization,COMPLETED,,2008-08-31,2019-12-31,100.0,Horizon Health Network,lead,2008.0,Pre-WHO GAP,methicillin-resistant staphylococcus aureus,Completed,100.0,Industry,136.0
NCT00773864,Mastering Hospital Antimicrobial Resistance and Its Spread Into the Community-Healthcare Workers,UNKNOWN,,2008-10-31,2014-01-31,150.0,Tel-Aviv Sourasky Medical Center,lead,2008.0,Pre-WHO GAP,methicillin-resistant staphylococcus aureus,,150.0,Academic/Research,63.0
NCT00773799,Mastering Hospital Antimicrobial Resistance and Its Spread Into the Community,UNKNOWN,,2008-10-31,2014-01-31,1200.0,Tel-Aviv Sourasky Medical Center,lead,2008.0,Pre-WHO GAP,esbl infection,,1200.0,Academic/Research,63.0
NCT00753558,Selective Digestive Decontamination in Carriers of Carbapenem-resistant Klebsiella Pneumoniae,COMPLETED,,2008-11-30,2010-07-31,,Soroka University Medical Center,lead,2008.0,Pre-WHO GAP,carriage of carbapemen-resistant klebsialle pneumoniae,Completed,,Academic/Research,20.0
NCT01561469,Evaluation of Patients With Methicillin-Resistant Staphylococcus Aureus Hospital-Acquired Pneumonia Treated With Linezolid or Vancomycin,COMPLETED,,2008-11-30,2013-06-30,188.0,Sparrow Health System,collaborator,2008.0,Pre-WHO GAP,hospital-acquired pneumonia,Completed,188.0,Industry,55.0
NCT00785200,MRSA Colonization and Control in the Dallas County Jail,COMPLETED,,2009-01-31,2010-02-28,4194.0,University of Texas Southwestern Medical Center,collaborator,2009.0,Pre-WHO GAP,soft tissue infections,Completed,4194.0,Academic/Research,12.9
NCT00790608,Clinical Trial on the Reduction of Methicillin Resistant Staphylococcus Aureus (MRSA),TERMINATED,Phase 2,2009-01-31,2011-08-31,8.0,"Nitric BioTherapeutics, Inc",lead,2009.0,Pre-WHO GAP,methicillin-resistant staphylococcus aureus infection,Terminated,8.0,Industry,30.9
NCT00822276,The Underlying Mechanisms For S. Aureus Infection And Colonization Of Skin in People With Atopic Dermatitis With And Without Eczema Herpeticum (MRSA),COMPLETED,,2009-02-28,2009-11-30,65.0,National Institute of Allergy and Infectious Diseases (NIAID),lead,2009.0,Pre-WHO GAP,mrsa,Completed,65.0,Academic/Research,9.0
NCT02573350,"A Trial to Evaluate Safety, Tolerability, and Efficacy of Orally Administered OPC-67683",COMPLETED,Phase 2,2009-03-26,2011-10-27,213.0,"Otsuka Pharmaceutical Development & Commercialization, Inc.",lead,2009.0,Pre-WHO GAP,"tuberculosis, multidrug-resistant",Completed,213.0,Industry,31.0
NCT00664313,TBTC Study 30: Safety and Tolerability of Low Dose Linezolid in MDR TB,COMPLETED,Phase 1/2,2009-04-30,2010-09-30,36.0,Yale University,collaborator,2009.0,Pre-WHO GAP,extensively drug resistant tuberculosis,Completed,36.0,Academic/Research,17.0
NCT00856089,Efficacy Study of Altabax to Clear Methicillin-resistant Staphylococcus Aureus (MRSA) Nasal Colonization,WITHDRAWN,Phase 4,2009-05-31,2009-10-31,0.0,GlaxoSmithKline,collaborator,2009.0,Pre-WHO GAP,methicillin-resistant staphylococcus aureus,Withdrawn,0.0,Industry,5.0
NCT01379053,Volatile Organic Compounds in Staphylococcus Aureus Patients,COMPLETED,,2009-08-31,2010-12-31,10.0,Landon Pediatric Foundation,lead,2009.0,Pre-WHO GAP,staphylococcus aureus,Completed,10.0,Academic/Research,16.0
NCT00903279,Treatment of Patients Colonized With Methicillin-Resistant Staphylococcus Aureus Prior to Bone and Joint Surgery,WITHDRAWN,Phase 2,2009-08-31,2010-12-31,0.0,Bay Pines VA Healthcare System,lead,2009.0,Pre-WHO GAP,methicillin-resistant staphylococcus aureus,Withdrawn,0.0,Industry,16.0
NCT00980980,Cluster Randomized Trial of Hospitals to Assess Impact of Targeted Versus Universal Strategies to Reduce Methicillin-resistant Staphylococcus Aureus (MRSA) in Intensive Care Units (ICUs),COMPLETED,,2009-09-30,2011-09-30,74256.0,Harvard Pilgrim Health Care,lead,2009.0,Pre-WHO GAP,methicillin-resistant staphylococcus aureus,Completed,25732.0,Industry,24.0
NCT00996112,"Primary Care Management of Community-Acquired, Methicillin-Resistant Staphylococcus Aureus (CA-MRSA) Infections",COMPLETED,,2009-10-31,2010-08-31,4518.0,"University of Colorado, Denver",lead,2009.0,Pre-WHO GAP,methicillin-resistant staphylococcus aureus,Completed,4518.0,Academic/Research,10.0
NCT03822156,Clinical Analysis of the Patients With Cavitary Pulmonary TB and Endobronchial TB in the PPM-UUH Cohort,COMPLETED,,2010-01-01,2018-06-30,500.0,University of Ulsan,lead,2010.0,Pre-WHO GAP,bronchoscopy,Completed,500.0,Academic/Research,101.9
NCT03790254,D Mannose for Prevention and Treatment of RUTIs,COMPLETED,,2010-01-01,2018-12-25,500.0,Fondazione IRCCS Policlinico San Matteo di Pavia,lead,2010.0,Pre-WHO GAP,recurrent urinary tract infections,Completed,500.0,Industry,107.8
NCT01071603,Tuberculosis in China,COMPLETED,,2010-02-02,2018-01-29,199.0,National Institute of Allergy and Infectious Diseases (NIAID),lead,2010.0,Pre-WHO GAP,extensively drug resistant tuberculosis,Completed,199.0,Academic/Research,95.9
NCT01498744,Randomized Controlled Trial of Antibiotics in the Management of Children With Community-Acquired Abscess,TERMINATED,,2010-02-28,2013-02-28,53.0,Ann & Robert H Lurie Children's Hospital of Chicago,lead,2010.0,Pre-WHO GAP,skin abscess,Terminated,53.0,Academic/Research,36.0
NCT01141101,Risk Factors for Early Infant Colonization With Methicillin-Resistant Staphylococcus Aureus,COMPLETED,,2010-06-30,2012-06-30,100.0,Boston Medical Center,lead,2010.0,Pre-WHO GAP,methicillin-resistant staphylococcus aureus,Completed,100.0,Academic/Research,24.0
NCT01138462,Control of MRSA in Nursing Homes: Decolonization vs Standard Precautions,COMPLETED,,2010-06-30,2011-12-31,157.0,University of Lausanne Hospitals,lead,2010.0,Pre-WHO GAP,methicillin-resistant staphylococcus aureus,Completed,157.0,Academic/Research,18.0
NCT01232231,Comprehensive Strategy to Decolonize Methicillin-resistant Staphylococcus Aureus (MRSA) in the Outpatient Setting,COMPLETED,,2010-07-31,2012-11-30,15.0,Joseph Kim,lead,2010.0,Pre-WHO GAP,methicillin-resistant staphylococcus aureus,Completed,15.0,Industry,28.0
NCT01196169,"Daptomycin Use for Antimicrobial Prophylaxis in Methicillin Resistant Staphylococcus Aureus (MRSA) Colonized Adult Patients Undergoing Primary Elective Hip, Knee, or Shoulder Arthroplasty",TERMINATED,Phase 4,2010-10-31,2014-03-31,28.0,East Tennessee State University,collaborator,2010.0,Pre-WHO GAP,staphylococcal infections,Terminated,28.0,Academic/Research,41.0
NCT01209234,Project CLEAR - Changing Lives by Eradicating Antibiotic Resistance,COMPLETED,,2011-01-31,2019-01-31,2140.0,Agency for Healthcare Research and Quality (AHRQ),collaborator,2011.0,Pre-WHO GAP,methicillin-resistant staphylococcus aureus,Completed,2140.0,Industry,96.0
NCT03137875,Evaluation of PCR Using DNA Extract From Slides and Filter Paper for the Detection of Tuberculosis and MDR-tuberculosis,COMPLETED,,2011-03-31,2012-12-31,122.0,Epicentre,lead,2011.0,Pre-WHO GAP,tuberculosis,Completed,122.0,Academic/Research,21.1
NCT01349192,Early Methicillin-resistant Staphylococcus Aureus (MRSA) Therapy in Cystic Fibrosis (CF),TERMINATED,Phase 2,2011-04-30,2015-05-31,47.0,Seattle Children's Hospital,collaborator,2011.0,Pre-WHO GAP,cystic fibrosis,Terminated,47.0,Academic/Research,49.0
NCT01381757,Utility of MODS for Diagnosis of MDR-TB and Second-Line Antituberculous Drug Susceptibility Testing in Mali,TERMINATED,,2011-05-31,2013-03-05,34.0,National Institute of Allergy and Infectious Diseases (NIAID),lead,2011.0,Pre-WHO GAP,antitubercular agents,Terminated,34.0,Academic/Research,21.2
NCT01212003,Training Protocol on the Natural History of Tuberculosis,RECRUITING,,2011-06-30,,150.0,National Institute of Allergy and Infectious Diseases (NIAID),lead,2011.0,Pre-WHO GAP,"tuberculosis, multidrug-resistant",Active,150.0,Academic/Research,
NCT03886623,"A Systematic Oral Care Program in Post-Mechanically Ventilated, Post-Intensive Care Patients",COMPLETED,,2011-06-30,2013-12-31,80.0,Ohio State University,lead,2011.0,Pre-WHO GAP,methicillin-sensitive staphylococcus aureus infection,Completed,80.0,Academic/Research,30.1
NCT01356472,Linezolid Alone or Combined With Carbapenem Against Methicillin-resistant Staphylococcus Aureus (MRSA) in Ventilator-associated Pneumonia,UNKNOWN,Phase 4,2011-06-30,,60.0,Pfizer,collaborator,2011.0,Pre-WHO GAP,methicillin-resistant staphylococcus aureus,,60.0,Industry,
NCT01424670,Safety and Efficacy Trial of Delamanid for 6 Months in Participants With Multidrug-resistant Tuberculosis,COMPLETED,Phase 3,2011-09-02,2016-07-04,511.0,"Otsuka Pharmaceutical Development & Commercialization, Inc.",lead,2011.0,Pre-WHO GAP,multidrug-resistant tuberculosis,Completed,511.0,Industry,58.0
NCT01431326,Pharmacokinetics of Understudied Drugs Administered to Children Per Standard of Care,COMPLETED,,2011-11-30,2019-11-30,3520.0,Daniel Benjamin,lead,2011.0,Pre-WHO GAP,anesthesia,Completed,3520.0,Industry,96.0
NCT01521364,Drug Interaction Study Between Linezolid and Clarithromycin in Tuberculosis Patients,COMPLETED,Phase 4,2011-12-31,2012-11-30,7.0,University Medical Center Groningen,lead,2011.0,Pre-WHO GAP,extensively drug-resistant tuberculosis,Completed,7.0,Academic/Research,11.0
NCT01509339,Pharmacokinetics of Vancomycin for Inhalation in Cystic Fibrosis,WITHDRAWN,Phase 1,2012-01-31,2021-12-23,0.0,Case Western Reserve University,lead,2012.0,Pre-WHO GAP,cystic fibrosis,Withdrawn,0.0,Academic/Research,118.7
NCT01845246,"Multicentric Study About the Usefulness of Monitoring Plasma Levels of Colistin and Sodium Colistimethate in Patients With Infections Due to Multi-drug Resistant Gram Negative Bacilli, Treated With Colistin",COMPLETED,,2012-01-31,2015-08-31,101.0,Parc de Salut Mar,lead,2012.0,Pre-WHO GAP,multidrug resistant gram negative bacterial infections,Completed,101.0,Industry,43.0
NCT03343119,"Epidemiology of Resistant Microbial Strains Among Different Groups of People (Healthy, Infected and Exposed to Animals)",UNKNOWN,,2012-03-27,2019-08-31,708.0,University of Tartu,lead,2012.0,Pre-WHO GAP,methicillin resistant staphylococcus aureus (mrsa),,708.0,Academic/Research,89.1
NCT01579370,Effectiveness of Enhanced Terminal Room Disinfection to Prevent Healthcare-associated Infections (HAIs),COMPLETED,,2012-04-30,2015-08-31,21395.0,Duke University,lead,2012.0,Pre-WHO GAP,healthcare associated infections,Completed,21395.0,Academic/Research,40.0
NCT02170441,Global Consortium for Drug-resistant Tuberculosis Diagnostics,COMPLETED,,2012-04-30,2014-06-30,1128.0,National Institutes of Health (NIH),collaborator,2012.0,Pre-WHO GAP,"tuberculosis, multidrug-resistant",Completed,1128.0,Academic/Research,26.0
NCT01461668,Retapamulin for Reducing MRSA Nasal Carriage,COMPLETED,Phase 4,2012-07-31,2017-12-31,53.0,Agency for Healthcare Research and Quality (AHRQ),collaborator,2012.0,Pre-WHO GAP,methicillin-resistant staphylococcus aureus,Completed,53.0,Industry,65.0
NCT01671358,Comparison of Bacterial Contamination Rates Between Isolation and Non-isolation Rooms,COMPLETED,,2012-08-31,2013-06-30,400.0,West Virginia University,lead,2012.0,Pre-WHO GAP,methicillin-resistant staphylococcus aureus,Completed,400.0,Academic/Research,10.0
NCT01350479,Gown and Glove Use to Prevent the Spread of Infection in VA Community Living Centers,COMPLETED,,2012-10-01,2016-11-01,203.0,VA Office of Research and Development,lead,2012.0,Pre-WHO GAP,methicillin-resistant staphylococcus aureus,Completed,203.0,Industry,49.0
NCT01701219,Safety and Efficacy Study of Ceftaroline in Subjects With Staphylococcus Aureus Bacteremia or With Persistent Methicillin-Resistant Staphylococcus Aureus Bacteremia,COMPLETED,Phase 4,2013-01-31,2014-07-31,56.0,Forest Laboratories,lead,2013.0,Pre-WHO GAP,methicillin-resistant staphylococcus aureus (mrsa) bacteremia,Completed,56.0,Industry,17.9
NCT01761487,SDD for Eradicating CRKP Carriage,UNKNOWN,Phase 4,2013-01-31,,100.0,Soroka University Medical Center,lead,2013.0,Pre-WHO GAP,carriers of carbapenem-resistant klebsiella pneumonia,,100.0,Academic/Research,
NCT02974348,Antimalaria Drugs Susceptibility Testing for an Effective Management of Infected Patients in Sub-Sahara Africa,COMPLETED,Phase 3,2013-01-31,2014-10-31,300.0,University of Bamenda,lead,2013.0,Pre-WHO GAP,drug resistant malaria due to plasmodium falciparum,Completed,300.0,Academic/Research,21.0
NCT02597621,Biomarkers for Therapy Response in Drug-resistant Tuberculosis,COMPLETED,,2013-03-31,2021-01-31,192.0,Research Center Borstel,lead,2013.0,Pre-WHO GAP,"tuberculosis, multidrug-resistant",Completed,192.0,Academic/Research,94.1
NCT01748318,New Mexico Honey Wound Treatment Research Study,UNKNOWN,Phase 2,2013-03-31,2018-07-31,60.0,"R. Stephen Rankin, M.D.",lead,2013.0,Pre-WHO GAP,community-acquired methicillin-resistant staphylococcus aureus infection,,60.0,Industry,64.0
NCT01856634,Pharmacokinetic and Safety Trial to Determine the Appropriate Dose for Pediatric Patients With Multidrug Resistant Tuberculosis,COMPLETED,Phase 1,2013-06-14,2017-12-28,37.0,"Otsuka Pharmaceutical Development & Commercialization, Inc.",lead,2013.0,Pre-WHO GAP,pediatric,Completed,37.0,Industry,54.5
NCT01859923,"A 6-Month Safety, Efficacy, and Pharmacokinetic (PK) Trial of Delamanid in Pediatric Participants With Multidrug Resistant Tuberculosis (MDR-TB)",COMPLETED,Phase 2,2013-07-20,2020-01-13,37.0,"Otsuka Pharmaceutical Development & Commercialization, Inc.",lead,2013.0,Pre-WHO GAP,multidrug resistant tuberculosis,Completed,37.0,Industry,77.8
NCT02390622,Biotherapy for MRSA Enterocolitis,UNKNOWN,,2013-07-31,2016-02-29,10.0,"Jinling Hospital, China",lead,2013.0,Pre-WHO GAP,methicillin-resistant staphylococcus aureus,,10.0,Academic/Research,31.0
NCT01855048,"A Study to Evaluate the Safety, Pharmacokinetics and Pharmacodynamics of N-Rephasin® SAL200 in Healthy Male Volunteers",COMPLETED,Phase 1,2013-08-06,2014-02-07,36.0,"Intron Biotechnology, Inc.",lead,2013.0,Pre-WHO GAP,anti-bacterial agents,Completed,36.0,Industry,6.1
NCT01925066,Aerosolized Vancomycin in Methicillin-Resistant Staphylococcus Aureus Pneumonia Under Mechanical Ventilation,COMPLETED,Phase 2,2013-08-31,2017-12-31,20.0,Seoul National University Bundang Hospital,collaborator,2013.0,Pre-WHO GAP,"pneumonia, staphylococcal",Completed,20.0,Academic/Research,52.0
NCT02496572,Effectiveness of a Simplified Short Regimen for Multidrug Resistant Tuberculosis in Uzbekistan,UNKNOWN,,2013-09-30,2016-04-30,110.0,Imperial College London,collaborator,2013.0,Pre-WHO GAP,multidrug resistant tuberculosis,,110.0,Academic/Research,31.0
NCT01817075,Chlorhexidine Gluconate Cleansing in Preventing Central Line Associated Bloodstream Infection and Acquisition of Multi-drug Resistant Organisms in Younger Patients With Cancer or Undergoing Donor Stem Cell Transplant,COMPLETED,Phase 3,2013-11-04,2020-03-31,177.0,National Cancer Institute (NCI),collaborator,2013.0,Pre-WHO GAP,benign neoplasm,Completed,177.0,Academic/Research,76.8
NCT01995760,The Most Appropriate Parameter Correlates With Clinical Effectiveness of Vancomycin: Trough Drug Concentration or Area Under Curve (AUC)/Minimum Inhibitory Concentration (MIC)?,COMPLETED,,2013-11-30,2014-06-30,123.0,National Taiwan University Hospital,lead,2013.0,Pre-WHO GAP,methicillin-resistant staphylococcus aureus septicemia,Completed,123.0,Academic/Research,7.0
NCT02274389,A Prospective Patient Registry of Patients Exposed to Bedaquiline,COMPLETED,,2013-12-24,2018-11-20,5.0,"Janssen Research & Development, LLC",lead,2013.0,Pre-WHO GAP,pulmonary multi-drug resistant tuberculosis,Completed,5.0,Industry,58.9
NCT01600963,A Study to Evaluate the Efficacy and Safety of TMC207 in Patients With Pulmonary Infection With Multi-drug Resistant Mycobacterium Tuberculosis,WITHDRAWN,Phase 3,2014-03-31,2022-11-30,0.0,Janssen Infectious Diseases BVBA,lead,2014.0,Pre-WHO GAP,multi-drug resistant tuberculosis,Withdrawn,0.0,Industry,104.0
NCT02063867,Active Bathing to Eliminate Infection (ABATE Infection) Trial,COMPLETED,,2014-04-30,2019-02-28,53.0,Harvard Medical School (HMS and HSDM),collaborator,2014.0,Pre-WHO GAP,healthcare associated infections,Completed,53.0,Academic/Research,58.0
NCT02945241,Cystatin-C C-guided Vancomycin Dosing in Critically Ill Patients: A Quality Improvement Project,COMPLETED,Phase 1,2014-04-30,2016-03-31,399.0,Mayo Clinic,lead,2014.0,Pre-WHO GAP,methicillin-resistant staphylococcus aureus,Completed,399.0,Industry,23.0
NCT02120638,Optimization of MDR-TB Treatment Regimen Based on the Molecular Drug Susceptibility Results of Pyrazinamide,UNKNOWN,Phase 3,2014-04-30,2016-04-30,100.0,Huashan Hospital,lead,2014.0,Pre-WHO GAP,multidrug resistant tuberculosis,,100.0,Academic/Research,24.0
NCT02234908,Rewards for Tuberculosis Contact Screening,COMPLETED,,2014-10-31,2016-12-31,301.0,Boston University,lead,2014.0,Pre-WHO GAP,drug-resistant tuberculosis,Completed,301.0,Academic/Research,26.0
NCT01918397,Efficacy and Safety of Levofloxacin for the Treatment of MDR-TB,COMPLETED,Phase 2,2015-01-31,2022-03-29,111.0,Centers for Disease Control and Prevention,collaborator,2015.0,Post-WHO GAP,"tuberculosis, multidrug-resistant",Completed,111.0,Academic/Research,85.9
NCT02365623,An Exploratory Study of TMC207 in Japanese Participants With Pulmonary Multi-Drug Resistant Tuberculosis (MDR-TB),COMPLETED,Phase 2,2015-02-18,2018-11-08,6.0,Janssen Pharmaceutical K.K.,lead,2015.0,Post-WHO GAP,"tuberculosis, multidrug-resistant",Completed,6.0,Industry,44.6
NCT02342886,Shortening Treatment by Advancing Novel Drugs,COMPLETED,Phase 3,2015-02-28,2018-05-31,284.0,Global Alliance for TB Drug Development,lead,2015.0,Post-WHO GAP,"tuberculosis, pulmonary, drug sensitive",Completed,284.0,Industry,39.0
NCT02367339,Assessment of the Prevalence of Extended-Spectrum Betalactamase Producing Enterobacteriaceae Among ICU Staff,UNKNOWN,,2015-02-28,2016-05-31,100.0,Hopital Gabriel Montpied,collaborator,2015.0,Post-WHO GAP,escherichia coli,,100.0,Industry,15.0
NCT02984579,Line Probe Assay Evaluation Study,COMPLETED,,2015-03-31,2016-01-31,888.0,Research Center Borstel,collaborator,2015.0,Post-WHO GAP,rifampicin resistant tuberculosis,Completed,888.0,Academic/Research,10.1
NCT03259269,Expand New Drugs for TB [endTB],COMPLETED,,2015-04-01,2019-12-30,2804.0,Epicentre,collaborator,2015.0,Post-WHO GAP,"tuberculosis, multidrug-resistant",Completed,2804.0,Academic/Research,57.0
NCT02604966,P. Falciparum Resistance to Artemisinin in Vietnam,UNKNOWN,Phase 4,2015-04-30,2016-12-31,120.0,"National Institute of Malariology, Parasitology and Entomology, Vietnam",lead,2015.0,Post-WHO GAP,drug resistant malaria due to plasmodium falciparum,,120.0,Academic/Research,20.1
NCT02413931,"Nosocomial Transmission of MDR-TB in Bucharest, Romania",COMPLETED,,2015-05-31,2020-01-31,53.0,"""Marius Nasta"" Pulmonology Institute",collaborator,2015.0,Post-WHO GAP,"tuberculosis, multidrug-resistant",Completed,53.0,Academic/Research,56.0
NCT02461186,Arterolane-PQP Versus DHA-PQP in Uncomplicated Falciparum Malaria in Eastern Myanmar,WITHDRAWN,Phase 2/3,2015-06-30,2017-06-30,0.0,Mahidol Oxford Tropical Medicine Research Unit,collaborator,2015.0,Post-WHO GAP,artemisinin-resistant,Withdrawn,0.0,Industry,24.0
NCT02727582,Pharmacometric Optimization of Second Line Drugs for MDR Tuberculosis Treatment,COMPLETED,,2015-07-30,2021-01-30,142.0,University of Cape Town,lead,2015.0,Post-WHO GAP,multidrug-resistant tuberculosis,Completed,142.0,Academic/Research,66.1
NCT02684422,Initial and Chronic Methicillin Resistant Staphylococcus Aureus (MRSA) Infection in Cystic Fibrosis (CF),COMPLETED,,2015-07-31,2021-12-31,48.0,"University of North Carolina, Chapel Hill",lead,2015.0,Post-WHO GAP,methicillin-resistant staphylococcus aureus,Completed,48.0,Academic/Research,77.0
NCT02365493,Combination Antibiotic Therapy for Methicillin Resistant Staphylococcus Aureus Infection,TERMINATED,Phase 3,2015-08-26,2018-10-24,358.0,Singapore Infectious Diseases Clinical Research Network,collaborator,2015.0,Post-WHO GAP,methicillin-resistant staphylococcus aureus,Terminated,358.0,Industry,37.9
NCT02312986,FMT for Multidrug Resistant Organism Reversal,COMPLETED,Phase 1,2015-08-31,2020-07-31,1.0,Washington University School of Medicine,lead,2015.0,Post-WHO GAP,infection with multi-drug resistant organisms,Completed,1.0,Academic/Research,59.0
NCT02363166,Analysis of CA-MRSA Transmission: An ED Population Sampling Strategy,COMPLETED,,2015-08-31,2018-04-04,575.0,University of Florida,lead,2015.0,Post-WHO GAP,methicillin-resistant staphylococcus aureus,Completed,575.0,Academic/Research,31.1
NCT03057756,Treatment of Tuberculosis Multidrug Resistance Treatment of Tuberculosis Multidrug Resistance,COMPLETED,,2015-09-11,2023-05-01,23.0,Academisch Medisch Centrum - Universiteit van Amsterdam (AMC-UvA),collaborator,2015.0,Post-WHO GAP,multi-drug resistant tuberculosis,Completed,23.0,Industry,91.6
NCT02566928,Patient-Centered Comparative Effectiveness Research (CER) Study of Home-based Interventions to Prevent CA-MRSA Infection Recurrence,UNKNOWN,Phase 4,2015-10-31,2018-12-31,278.0,Patient-Centered Outcomes Research Institute,collaborator,2015.0,Post-WHO GAP,antibiotic resistance,,278.0,Academic/Research,38.0
NCT02454205,An Open-label RCT to Evaluate a New Treatment Regimen for Patients With Multi-drug Resistant Tuberculosis,COMPLETED,Phase 2/3,2015-11-12,2021-08-30,154.0,University of Cape Town,lead,2015.0,Post-WHO GAP,tuberculosis,Completed,154.0,Academic/Research,69.6
NCT02236078,Brief Bactericidal Activity of Anti-Tuberculosis Drugs,COMPLETED,Phase 1,2015-11-30,2020-09-30,18.0,Kenya Medical Research Institute,collaborator,2015.0,Post-WHO GAP,tuberculosis,Completed,18.0,Academic/Research,58.0
NCT02605499,Ultra Violet-C Light Evaluation as an Adjunct to Removing Multi-Drug Resistant Organisms (UVCLEAR-MDRO),COMPLETED,,2015-12-31,2018-02-28,83.0,Johns Hopkins University,lead,2015.0,Post-WHO GAP,healthcare associated infection,Completed,83.0,Academic/Research,26.0
NCT02660554,Trial of MRSA Polymerase Chain Reaction for Pneumonia,COMPLETED,,2016-01-31,2019-05-03,45.0,Northwestern University,lead,2016.0,Post-WHO GAP,methicillin-resistant staphylococcus aureus,Completed,45.0,Academic/Research,39.0
NCT02619994,Treatment Shortening of MDR-TB Using Existing and New Drugs,COMPLETED,Phase 2,2016-01-31,2021-06-30,214.0,Severance Hospital,collaborator,2016.0,Post-WHO GAP,"tuberculosis, multidrug-resistant",Completed,214.0,Academic/Research,64.9
NCT03007290,Clinical Usefulness of Therapeutic Drug Monitoring of Colistin in Patients Treated With Colistin.,COMPLETED,,2016-01-31,2017-12-31,15.0,Seoul National University Hospital,lead,2016.0,Post-WHO GAP,multidrug-resistant gram-negative bacteria infection,Completed,15.0,Academic/Research,23.0
NCT02694458,Comparison of Two Dosage Adjustment Strategies of Vancomycin in Children,COMPLETED,,2016-02-23,2017-02-15,100.0,Assistance Publique - Hôpitaux de Paris,lead,2016.0,Post-WHO GAP,methicillin-resistant staphylococcal infections,Completed,100.0,Industry,11.8
NCT02631226,Multi-resistant Enterobacteriaceae Colonisation in Less Than 32 Weeks Pregnant Women Admitted to the Hospital.,UNKNOWN,,2016-02-29,2017-12-31,580.0,Corporacion Parc Tauli,lead,2016.0,Post-WHO GAP,pregnancy,,580.0,Industry,22.0
NCT02816931,Drug Concentrations in the Treatment of MDR-TB Related to Minimum Inhibitory Concentrations,COMPLETED,,2016-03-31,2020-06-01,37.0,Karolinska Institutet,lead,2016.0,Post-WHO GAP,"tuberculosis, multidrug resistant",Completed,37.0,Academic/Research,50.0
NCT02906774,Fecal Transplant for MDR Pathogen Decolonization,TERMINATED,,2016-04-30,2019-11-30,3.0,University of British Columbia,lead,2016.0,Post-WHO GAP,multi-antibiotic resistance,Terminated,3.0,Academic/Research,43.0
NCT02354014,Pharmacokinetic Study to Evaluate Anti-mycobacterial Activity of TMC207 in Combination With Background Regimen (BR) of Multidrug Resistant Tuberculosis (MDR-TB) Medications for Treatment of Children/Adolescents With Pulmonary MDR-TB,RECRUITING,Phase 2,2016-05-03,2028-11-02,60.0,"Janssen Research & Development, LLC",lead,2016.0,Post-WHO GAP,"tuberculosis, multidrug-resistant",Active,60.0,Industry,150.0
NCT03000517,PK of Levofloxacin in MDR-TB Patients,COMPLETED,,2016-05-04,2018-01-24,20.0,University Medical Center Groningen,lead,2016.0,Post-WHO GAP,multi-drug resistant tuberculosis,Completed,20.0,Academic/Research,20.7
NCT02814877,Efficacy and Cost-effectiveness of Hospital Antimicrobial Stewardship Programs,COMPLETED,,2016-09-01,2017-12-31,27.0,Assistance Publique - Hôpitaux de Paris,lead,2016.0,Post-WHO GAP,antimicrobial resistance,Completed,27.0,Industry,16.0
NCT03360877,Prevention of Nosocomial Infections (CleanKids),COMPLETED,,2016-09-05,2019-06-30,4944.0,"Medecins Sans Frontieres, Netherlands",collaborator,2016.0,Post-WHO GAP,multi drug resistant organisms,Completed,4944.0,Industry,33.8
NCT02909946,Pathway From Functional Disability to Antimicrobial Resistance in Nursing Home Residents,COMPLETED,,2016-09-15,2018-08-29,246.0,University of Michigan,lead,2016.0,Post-WHO GAP,multi-antibiotic resistance,Completed,246.0,Academic/Research,23.4
NCT02806141,Aerosolized Plus Intravenous vs. Intravenous Colistin for VAP Due to Pandrugs-resistant A. Baumannii in Neonates,TERMINATED,Phase 3,2016-09-30,2017-10-31,204.0,Hat Yai Medical Education Center,lead,2016.0,Post-WHO GAP,infection due to multidrug resistant acinetobacter,Terminated,204.0,Academic/Research,13.0
NCT02715271,Study of TB Lesions Obtained in Therapeutical Surgery,COMPLETED,,2016-09-30,2024-05-31,192.0,"National Center for Tuberculosis and Lung Disease, Tbilisi, Georgia",collaborator,2016.0,Post-WHO GAP,"tuberculosis, multidrug-resistant",Completed,192.0,Academic/Research,92.0
NCT03412500,Vancomycin Dosage Adjustment for MRSA Infections,UNKNOWN,Phase 4,2016-10-31,2018-09-30,114.0,Pinyo Rattanaumpawan,lead,2016.0,Post-WHO GAP,methicillin-resistant staphylococcus aureus,,114.0,Industry,23.0
NCT03064464,"CA-MRSA Infection in China: Epidemiology, Molecular Characteristics, Treatment, and Outcome",UNKNOWN,,2016-12-15,2018-06-30,5400.0,Sir Run Run Shaw Hospital,lead,2016.0,Post-WHO GAP,community-acquired infections,,5400.0,Academic/Research,18.5
NCT02754765,Evaluating Newly Approved Drugs for Multidrug-resistant TB,COMPLETED,Phase 3,2016-12-31,2023-06-30,754.0,"Institute of Tropical Medicine, Belgium",collaborator,2016.0,Post-WHO GAP,"tuberculosis, multidrug-resistant",Completed,754.0,Academic/Research,77.9
NCT06199141,Multi-drug Resistant Gram-negative Bacteria and Veno-venous Extracorporeal Membrane Oxygenation (ECMO),COMPLETED,,2017-01-01,2023-12-31,279.0,Azienda Ospedaliera Mater Domini di Catanzaro,collaborator,2017.0,Post-WHO GAP,"respiratory distress syndrome, adult",Completed,279.0,Industry,83.9
NCT02589782,Pragmatic Clinical Trial for a More Effective Concise and Less Toxic MDR-TB Treatment Regimen(s),COMPLETED,Phase 2/3,2017-01-31,2022-08-05,552.0,World Health Organization,collaborator,2017.0,Post-WHO GAP,"tuberculosis, pulmonary",Completed,552.0,Industry,66.1
NCT02814916,"Dalbavancin for the Treatment of Acute Bacterial Skin and Skin Structure Infections in Children, Known or Suspected to be Caused by Susceptible Gram-positive Organisms, Including MRSA",COMPLETED,Phase 3,2017-03-30,2024-01-01,199.0,AbbVie,lead,2017.0,Post-WHO GAP,staphylococcal skin infections,Completed,199.0,Industry,81.1
NCT03303963,DIAgnostics for Multidrug Resistant Tuberculosis in Africa,COMPLETED,,2017-05-04,2022-11-30,3356.0,The Tuberculosis Reference Laboratory Bamenda,collaborator,2017.0,Post-WHO GAP,"tuberculosis, multidrug-resistant",Completed,3356.0,Industry,66.9
NCT03470233,"Post Marketing Registry to Assess Usage, Safety and Effectiveness of Deltyba Tablets in Korean Patients With MDR-TB",COMPLETED,,2017-05-25,2021-06-21,149.0,"Korea Otsuka Pharmaceutical Co., Ltd.",lead,2017.0,Post-WHO GAP,multi-drug resistant tuberculosis,Completed,149.0,Industry,48.9
NCT03237182,The Individualized M(X) Drug-resistant TB Treatment Strategy Study,TERMINATED,Phase 4,2017-06-14,2022-12-19,205.0,Centre for the AIDS Programme of Research in South Africa,lead,2017.0,Post-WHO GAP,"tuberculosis, multidrug-resistant",Terminated,205.0,Academic/Research,66.2
NCT03349268,Pulsed UV Xenon Disinfection to Prevent Resistant Healthcare Associated Infection,COMPLETED,,2017-07-07,2020-04-15,25732.0,University of Michigan,lead,2017.0,Post-WHO GAP,infection due to multidrug resistant bacteria,Completed,25732.0,Academic/Research,33.3
NCT03266003,An Evaluation of Traditional Directly Observed Therapy (DOT) and Electronic DOT for TB Treatment,COMPLETED,,2017-07-19,2020-12-31,216.0,Columbia University,collaborator,2017.0,Post-WHO GAP,tuberculosis,Completed,216.0,Academic/Research,41.4
NCT02975570,"Efficacy and Tolerability of Delamanid, Linezolid, Pyrazinamide and Levofloxacin",WITHDRAWN,Phase 3,2017-08-31,2022-08-31,0.0,Boston University,lead,2017.0,Post-WHO GAP,tuberculosis multi drug resistant active,Withdrawn,0.0,Academic/Research,60.0
NCT03174236,First Line Antimicrobials in Children With Complicated Severe Acute Malnutrition,UNKNOWN,Phase 3,2017-09-04,2020-12-31,2000.0,KEMRI-Wellcome Trust Collaborative Research Program,collaborator,2017.0,Post-WHO GAP,antibiotic toxicity,,2000.0,Industry,39.9
NCT03697668,Triple Antimalarial Combination to Accelerate the Parasite Clearance and to Prevent the Selection of Resistant Parasites,UNKNOWN,Phase 2,2017-09-17,2019-12-31,50.0,Università degli Studi di Sassari,collaborator,2017.0,Post-WHO GAP,plasmodium falciparum malaria (drug resistant),,50.0,Industry,27.4
NCT03309358,A Study of the Safety and Tolerability of Inhaled SNSP113 in Healthy Subjects and Subjects With Stable Cystic Fibrosis,TERMINATED,Phase 1,2017-09-28,2017-12-18,32.0,"Synspira, Inc.",lead,2017.0,Post-WHO GAP,cystic fibrosis lung,Terminated,32.0,Industry,2.7
NCT03086486,Various Doses and Durations of Linezolid Plus Bedaquiline & Pretomanid in Participants With Drug Resistant Tuberculosis,COMPLETED,Phase 3,2017-11-21,2022-02-08,181.0,Global Alliance for TB Drug Development,lead,2017.0,Post-WHO GAP,"tuberculosis, multidrug-resistant",Completed,181.0,Industry,50.6
NCT03921645,Use of Aaerosol Combined With Intravenous Antibiotics for the Treatment of Multidrug Resistant GNB Pneumonia,UNKNOWN,,2018-01-01,2020-01-01,60.0,Shanghai 10th People's Hospital,lead,2018.0,Post-WHO GAP,ventilator associated pneumonia,,60.0,Academic/Research,24.0
NCT03352167,Antibiotic Resistance in Danish EDs.,COMPLETED,,2018-01-08,2018-07-01,5117.0,University of Southern Denmark,lead,2018.0,Post-WHO GAP,"antibiotic resistance, bacterial",Completed,5117.0,Academic/Research,5.7
NCT03446053,"A Study to Evaluate the Safety, PK, PD, Immunogenicity of N-Rephasin® SAL200 in Healthy Male Volunteers",COMPLETED,Phase 1,2018-02-07,2019-02-07,33.0,"Intron Biotechnology, Inc.",lead,2018.0,Post-WHO GAP,methicillin-resistant staphylococcus aureus,Completed,33.0,Industry,12.0
NCT03409315,Feasibility of Centralized Therapeutic Drug Monitoring of Fluoroquinolones in Multi-Drug Resistant Tuberculosis Patients,UNKNOWN,,2018-02-10,2020-12-31,360.0,University Medical Center Groningen,lead,2018.0,Post-WHO GAP,"tuberculosis, multidrug-resistant",,360.0,Academic/Research,34.7
NCT03479710,Fecal Microbiota Transplantation for CRE/VRE,COMPLETED,Phase 2,2018-02-10,2022-07-31,19.0,Chinese University of Hong Kong,lead,2018.0,Post-WHO GAP,colonization,Completed,19.0,Academic/Research,53.6
NCT02591901,Preventing UTIs in Chronic Neurogenic Bladder Dysfunction (Mix Methods),COMPLETED,Phase 2,2018-04-06,2019-09-21,48.0,Buckinghamshire Healthcare NHS Trust,lead,2018.0,Post-WHO GAP,uti,Completed,48.0,Industry,17.5
NCT04119375,Behavior Change and Digital Health Interventions for Improved TB Treatment Outcomes,COMPLETED,,2018-04-13,2021-07-30,16146.0,United States Agency for International Development (USAID),collaborator,2018.0,Post-WHO GAP,"adherence, patient",Completed,16146.0,Government,39.6
NCT04055922,Comparison of Solid Organ Transplant,UNKNOWN,,2018-05-03,2021-05-31,150.0,Methodist Health System,lead,2018.0,Post-WHO GAP,healthcare-associated pneumonia,,150.0,Industry,36.9
NCT03575299,Clinical Study on Adoptive Treatment of MDR-TB With Allogeneic γδT Cells,UNKNOWN,Phase 1,2018-06-01,2021-12-31,45.0,"Zhinan Yin, Ph.D.",lead,2018.0,Post-WHO GAP,multi-drug resistant tuberculosis,,45.0,Industry,43.0
NCT03338621,"Trial to Evaluate the Efficacy, Safety and Tolerability of BPaMZ in Drug-Sensitive (DS-TB) Adult Patients and Drug-Resistant (DR-TB) Adult Patients",COMPLETED,Phase 2/3,2018-07-30,2022-06-10,455.0,Global Alliance for TB Drug Development,lead,2018.0,Post-WHO GAP,"tuberculosis, multidrug-resistant",Completed,455.0,Industry,46.4
NCT03604848,NGS-Guided(G) Regimens(R) of Anti-tuberculosis(A) Drugs for the Control(C) and Eradication(E) of MDR-TB,UNKNOWN,,2018-08-05,2024-08-04,488.0,Huashan Hospital,lead,2018.0,Post-WHO GAP,multidrug resistant tuberculosis,,488.0,Academic/Research,72.0
NCT04182230,UROGEN WELL D-ONE : Evaluation of a Novel Diagnostic for Sexually Transmitted Bacterial Infections,COMPLETED,,2018-09-05,2019-09-05,500.0,Cwm Taf University Health Board (NHS),lead,2018.0,Post-WHO GAP,bacterial urinary tract infection,Completed,500.0,Academic/Research,12.0
NCT03726593,Drug Combinations of Atovaquone-Proguanil (AP) With ACT,UNKNOWN,Phase 4,2018-10-04,2022-12-30,252.0,"Armed Forces Research Institute of Medical Sciences, Thailand",lead,2018.0,Post-WHO GAP,plasmodium falciparum malaria (drug resistant),,252.0,Academic/Research,50.9
NCT03794479,Intestinal Microbiota and Antimicrobial Resistance in Hong Kong Residents After Travel,COMPLETED,,2018-11-05,2023-06-06,125.0,Chinese University of Hong Kong,lead,2018.0,Post-WHO GAP,antimicrobial resistance,Completed,125.0,Academic/Research,55.0
NCT03637400,Short and Long Term Outcomes of Doxycycline Versus Trimethoprim-Sulfamethoxazole for Skin and Soft Tissue Infections Treatment,COMPLETED,Phase 2,2018-11-26,2025-06-30,269.0,National Institute of Allergy and Infectious Diseases (NIAID),collaborator,2018.0,Post-WHO GAP,methicillin-resistant staphylococcus aureus,Completed,269.0,Academic/Research,79.1
NCT05813821,7-VINCut Antibiotic Stewardship Intervention to Decrease Duration of Antibiotic Treatment and Carbapenem Use in Surgery,COMPLETED,,2019-01-01,2021-12-31,32499.0,Hospital de Granollers,lead,2019.0,Post-WHO GAP,medication adherence,Completed,25732.0,Academic/Research,36.0
NCT03648411,Drug Resistance Among Asymptomatic Infection,COMPLETED,,2019-01-12,2020-05-20,765.0,"National Malaria Control Program, Myanmar",collaborator,2019.0,Post-WHO GAP,drug resistant malaria,Completed,765.0,Government,16.2
NCT03680898,Clinical Validation of the Molecular-Based GenePOC Carba Assay for the Detection and Differentiation of Carbapenemase Genes in Rectal Swab Samples.,UNKNOWN,,2019-02-12,2023-06-30,1200.0,"Meridian Bioscience, Inc.",lead,2019.0,Post-WHO GAP,carbapenem-resistant enterobacteriaceae,,1200.0,Industry,52.5
NCT03830671,The Effect of 18-month Regimen Containing 6 Anti-tuberculosis Drugs for Patients With MDR-TB,COMPLETED,Phase 4,2019-03-08,2022-06-08,515.0,Beijing Chest Hospital,lead,2019.0,Post-WHO GAP,multi-drug resistant tuberculosis,Completed,515.0,Academic/Research,39.0
NCT04583098,The Effect of Fecal Microbiota Transplantation on the Decolonization of Multidrug-resistant Organisms,COMPLETED,,2019-03-14,2024-08-31,100.0,Chuncheon Sacred Heart Hospital,lead,2019.0,Post-WHO GAP,vancomycin-resistant enterococcal infection,Completed,100.0,Academic/Research,65.6
NCT03924934,Community-associated Highly-Resistant Enterobacterales,COMPLETED,,2019-05-01,2024-12-01,2172.0,National Institute of Allergy and Infectious Diseases (NIAID),collaborator,2019.0,Post-WHO GAP,carbapenem-resistant enterobacteriaceae infection,Completed,2172.0,Academic/Research,67.0
NCT04147676,Evaluation of Centralised TB Assay Solutions,COMPLETED,,2019-05-20,2023-09-01,1050.0,"Foundation for Innovative New Diagnostics, Switzerland",lead,2019.0,Post-WHO GAP,drug-resistant tuberculosis,Completed,1050.0,Academic/Research,51.4
NCT03944369,VITORA: Clinical Study to Evaluate the Effect of KB109 on the Gut Microbiome in Subjects Whose Gastrointestinal Tracts Are Colonized With Multiple Drug-resistant Organisms,TERMINATED,,2019-06-27,2020-06-16,3.0,Kaleido Biosciences,lead,2019.0,Post-WHO GAP,"vancomycin-resistant enterococcus, extended-spectrum beta lactamase-producing enterobacteriaceae, or carbapenem-resistant enterobacteriaceae colonized subjects",Terminated,3.0,Industry,11.7
NCT03728725,Xpert MTB/XDR Clinical Evaluation Trial,COMPLETED,,2019-07-11,2020-08-18,710.0,Cepheid,collaborator,2019.0,Post-WHO GAP,"tuberculosis, multidrug-resistant",Completed,710.0,Industry,13.3
NCT04014413,Safety and Efficacy of Fecal Microbiota Transplantation,RECRUITING,,2019-07-15,2030-10-31,450.0,Chinese University of Hong Kong,lead,2019.0,Post-WHO GAP,vancomycin resistant enterococci infection,Active,450.0,Academic/Research,135.5
NCT04028830,"Impact on Antibiotic Prescriptions of a Bundle Intervention Conducted by Medical Representatives in General Practitioner Facilities, Based on Operational Demonstration of an Internet Decision Support Tool: Antibioclic",COMPLETED,,2019-07-15,2021-01-15,2501.0,Nantes University Hospital,lead,2019.0,Post-WHO GAP,antibiotic resistance,Completed,2501.0,Academic/Research,18.1
NCT04081077,PRACTECAL-PKPD Sub Study,UNKNOWN,Phase 2/3,2019-08-06,2022-09-30,240.0,"Ministry of Public Health, Republic of Belarus",collaborator,2019.0,Post-WHO GAP,extensively drug-resistant tuberculosis,,240.0,Government,37.8
NCT04062201,"Building Evidence for Advancing New Treatment for Rifampicin Resistant Tuberculosis (RR-TB) Comparing a Short Course of Treatment (Containing Bedaquiline, Delamanid and Linezolid) With the Current South African Standard of Care",COMPLETED,Phase 3,2019-08-22,2024-04-15,402.0,Perinatal HIV Research Unit of the University of the Witswatersrand,collaborator,2019.0,Post-WHO GAP,rifampicin resistant tuberculosis,Completed,402.0,Academic/Research,55.8
NCT03942354,Patient-reported Experiences and Quality of Life Outcomes in the TB-PRACTECAL Clinical Trial,COMPLETED,,2019-09-01,2022-05-10,137.0,Wits Health Consortium (Pty) Ltd,collaborator,2019.0,Post-WHO GAP,multidrug resistant tuberculosis,Completed,137.0,Industry,32.3
NCT04489459,Comparative Clinical Study Between Colistin-Tigecycline Combined Therapy Versus Colistin-Meropenem Combined Therapy in Treatment of Blood Stream Infections With Multidrug-Resistant Klebsiella Pneumoniae,UNKNOWN,Phase 4,2019-09-21,2020-07-31,60.0,Al-Azhar University,lead,2019.0,Post-WHO GAP,treatment of blood stream infections due to multidrug-resistant klebsiella pneumoniae,,60.0,Academic/Research,10.3
NCT04167228,Impact of Ceftazidime / Avibactam Treatment vs Better Available Therapy on Mortality of Patients With Infections Caused by Carbapenem-resistant Enterobacteria,COMPLETED,,2019-10-01,2021-05-05,348.0,Maimónides Biomedical Research Institute of Córdoba,lead,2019.0,Post-WHO GAP,carbapenem-resistant enterobacteriaceae infection,Completed,348.0,Academic/Research,19.1
NCT03388944,PCT Guided Stopping of Antibiotic Therapy in Children With Sepsis,COMPLETED,,2019-10-21,2023-02-28,561.0,"All India Institute of Medical Sciences, Bhubaneswar",collaborator,2019.0,Post-WHO GAP,amr,Completed,561.0,Academic/Research,40.3
NCT03893916,MEG Versus EEG HR for the Localization of the Epileptogenic Zone as Part of the Pre-surgical Assessment of Epilepsy,RECRUITING,,2019-10-25,2029-04-25,100.0,Hospices Civils de Lyon,lead,2019.0,Post-WHO GAP,candidates for surgical treatment,Active,100.0,Industry,114.0
NCT04181112,Fecal Transplant for MDRO Decolonization,UNKNOWN,,2019-11-04,2023-11-30,90.0,University of British Columbia,lead,2019.0,Post-WHO GAP,multi-antibiotic resistance,,90.0,Academic/Research,48.9
NCT04388293,Using Antibiotics Wisely - An Antimicrobial Stewardship Program,UNKNOWN,,2020-01-01,2025-09-30,2000.0,University of British Columbia,lead,2020.0,Post-WHO GAP,antimicrobial resistance,,2000.0,Academic/Research,69.0
NCT04309656,Single-dose Study in Two Panels of Healthy Adult Participants to Assess Immediate-Release and Dispersible Formulations of Pretomanid,COMPLETED,Phase 1,2020-01-14,2020-02-28,48.0,Global Alliance for TB Drug Development,lead,2020.0,Post-WHO GAP,multi-drug resistant tuberculosis,Completed,48.0,Industry,1.5
NCT04342598,"Case Control Study of Vitamin D Status and Adult Multidrug-resistant Pulmonary Tuberculosis in Maharashtra, India",COMPLETED,,2020-01-27,2020-12-17,352.0,Foundation for Medical Research,collaborator,2020.0,Post-WHO GAP,multi-drug resistant tuberculosis,Completed,352.0,Academic/Research,10.7
NCT03827811,Pharmacometrics to Advance Novel Regimens for Drug-resistant Tuberculosis-PandrTB Tuberculosis,UNKNOWN,,2020-01-30,2023-04-30,625.0,Interactive Research and Development,collaborator,2020.0,Post-WHO GAP,multi-drug resistant tuberculosis,,625.0,Industry,39.0
NCT04212130,Can Environmental Cleanliness be Assessed by BCA (Bicinchoninic Acid) Method,COMPLETED,,2020-03-09,2020-04-21,40.0,Cumhuriyet University,lead,2020.0,Post-WHO GAP,multi-antibiotic resistance,Completed,40.0,Academic/Research,1.4
NCT02711735,Safety of RUTI® Vaccination in MDR-TB Patients,TERMINATED,Phase 2,2020-03-18,2020-09-09,9.0,London School of Hygiene and Tropical Medicine,collaborator,2020.0,Post-WHO GAP,"tuberculosis, multidrug resistant",Terminated,9.0,Academic/Research,5.7
NCT03896685,Evaluating Newly Approved Drugs in Combination Regimens for Multidrug-Resistant TB With Fluoroquinolone Resistance (endTB-Q),COMPLETED,Phase 3,2020-04-06,2024-12-31,323.0,Interactive Research and Development,collaborator,2020.0,Post-WHO GAP,gram-positive bacterial infections,Completed,323.0,Industry,56.8
NCT04544072,Analysis of the Quality and Quantity of Antibiotic Prescriptions for Bacterial Respiratory Tract Superinfection in Patients Hospitalized in COVID-19 Wards,UNKNOWN,,2020-05-01,2021-03-01,400.0,Universitair Ziekenhuis Brussel,lead,2020.0,Post-WHO GAP,respiratory tract infections,,400.0,Industry,10.0
NCT03867136,Refining MDR-TB Treatment (T) Regimens (R) for Ultra(U) Short(S) Therapy(T),COMPLETED,Phase 4,2020-06-01,2024-08-10,354.0,Huashan Hospital,lead,2020.0,Post-WHO GAP,multidrug resistant tuberculosis,Completed,354.0,Academic/Research,50.3
NCT04493671,"Evaluate Safety, Tolerability, PK of TBAJ-876 in Healthy Adults",COMPLETED,Phase 1,2020-06-08,2022-11-15,137.0,Global Alliance for TB Drug Development,lead,2020.0,Post-WHO GAP,"tuberculosis, pulmonary",Completed,137.0,Industry,29.2
NCT04421495,Safety and Effectiveness of Delamanid-containing Regimen for MDR-TB Patients in China,UNKNOWN,Phase 4,2020-07-16,2024-07-16,608.0,Beijing Chest Hospital,lead,2020.0,Post-WHO GAP,multidrug resistant tuberculosis,,608.0,Academic/Research,48.0
NCT06148480,Perinatal Transmission of MDR Bacteria,RECRUITING,,2020-07-17,2026-12-31,200.0,Ann & Robert H Lurie Children's Hospital of Chicago,lead,2020.0,Post-WHO GAP,multi-antibiotic resistance,Active,200.0,Academic/Research,77.5
NCT04484129,MDR-TB Close Contacts Tracing in China (TCCT Study),UNKNOWN,,2020-07-21,2022-12-31,500.0,Huashan Hospital,lead,2020.0,Post-WHO GAP,multidrug resistant tuberculosis,,500.0,Academic/Research,29.3
NCT04397536,New Genomic Techniques and Management of Multidrug-resistant Tuberculosis,UNKNOWN,,2020-08-29,2022-12-01,172.0,Assistance Publique - Hôpitaux de Paris,lead,2020.0,Post-WHO GAP,multi-drug resistant tuberculosis,,172.0,Industry,27.1
NCT05871489,Strengthening Evidence on Optimal Multidrug-resistant Tuberculosis Treatment Regimens,ACTIVE_NOT_RECRUITING,,2020-09-22,2025-12-31,800.0,Partners in Health,collaborator,2020.0,Post-WHO GAP,hiv,Active,800.0,Industry,63.3
NCT04516395,Optimizing Antibiotic Dosing Regimens for the Treatment of Infection Caused by Carbapenem Resistant Enterobacteriaceae,UNKNOWN,,2020-09-30,2021-04-30,102.0,Phramongkutklao College of Medicine and Hospital,lead,2020.0,Post-WHO GAP,treatment outcomes,,102.0,Academic/Research,7.0
NCT04335383,Isolation of Human Recombinant Therapeutic Monoclonal Anti-Pseudomonas Antibodies,RECRUITING,,2020-10-05,2026-10-31,30.0,"University Hospital, Grenoble",lead,2020.0,Post-WHO GAP,pseudomonas aeruginosa,Active,30.0,Academic/Research,72.8
NCT04146337,Fecal Microbiota Transplantation for Carbapenem-resistant Enterobacteriaceae,COMPLETED,Phase 2/3,2020-10-12,2022-06-30,3.0,Rambam Health Care Campus,lead,2020.0,Post-WHO GAP,carbapenem-resistant enterobacteriaceae infection,Completed,3.0,Industry,20.6
NCT04207112,Economic Evaluation of New MDR TB Regimens,COMPLETED,Phase 2/3,2020-10-20,2022-08-25,73.0,Wits Health Consortium (Pty) Ltd,collaborator,2020.0,Post-WHO GAP,extensively drug-resistant tuberculosis,Completed,73.0,Industry,22.1
NCT05017766,NCCR AntiResist:: New Approaches to Combat Antibiotic-resistant Bacteria,RECRUITING,,2020-12-03,2028-12-31,8000.0,"University Hospital, Basel, Switzerland",lead,2020.0,Post-WHO GAP,antimicrobial resistance (amr),Active,8000.0,Academic/Research,96.9
NCT06258551,Dynamics of Colonization and Infection by Multidrug-Resistant Pathogens in Immunocompromised and Critically Ill Patients,RECRUITING,,2020-12-08,2026-06-30,1000.0,M.D. Anderson Cancer Center,collaborator,2020.0,Post-WHO GAP,carbapenem resistant bacterial infection,Active,1000.0,Academic/Research,66.7
NCT05002582,Carbapenem-resistant Organisms (CRO) Screening From Rectal Swabs in Patients With Hematological Diseases in China,UNKNOWN,,2021-01-01,2022-12-31,5000.0,Sir Run Run Shaw Hospital,lead,2021.0,Post-WHO GAP,hematological diseases,,5000.0,Academic/Research,23.9
NCT04717908,Refining MDR-TB Treatment (T) Regimens (R) for Ultra(U) Short(S) Therapy(T)-PLUS,COMPLETED,,2021-01-20,2024-06-22,89.0,Huashan Hospital,lead,2021.0,Post-WHO GAP,multidrug resistant tuberculosis,Completed,89.0,Academic/Research,41.0
NCT04698148,Establishment of the Human Intestinal and Salivary Microbiota Biobank - Gastrointestinal Diseases,COMPLETED,,2021-02-08,2022-05-10,225.0,Catholic University of the Sacred Heart,collaborator,2021.0,Post-WHO GAP,multi drug resistant organisms,Completed,225.0,Academic/Research,15.0
NCT06946667,Resistance Characteristics and Development of Diagnostic Model for Postoperative UTI in Patients With Kidney Stones,COMPLETED,,2021-02-09,2024-12-31,130.0,Xingxin Jiang,lead,2021.0,Post-WHO GAP,kidney stones,Completed,130.0,Industry,46.7
NCT04759001,FMT for the Decolonization of Carbapenem-resistant Enterobacteriaceae,RECRUITING,Phase 1/2,2021-02-18,2026-08-15,52.0,Fondazione Policlinico Universitario Agostino Gemelli IRCCS,lead,2021.0,Post-WHO GAP,multi-antibiotic resistance,Active,52.0,Industry,65.8
NCT04750655,Antibiotic Resistance In Eye Surgeries,COMPLETED,Phase 4,2021-03-01,2023-08-31,108.0,"University of California, San Francisco",lead,2021.0,Post-WHO GAP,ocular surface microbiome,Completed,108.0,Academic/Research,30.0
NCT04535661,Risk Factors for Colonization or Infection With Carbapenem-Resistant Enterobacteriaceae in Children,RECRUITING,,2021-03-01,2026-12-31,536.0,Children's Hospital of Fudan University,lead,2021.0,Post-WHO GAP,carbapenem-resistant enterobacteriaceae infection,Active,536.0,Academic/Research,70.0
NCT04260477,Novel Triple-dose Tuberculosis Retreatment Regimen,RECRUITING,Phase 3,2021-03-01,2025-09-30,370.0,"Institute of Tropical Medicine, Belgium",lead,2021.0,Post-WHO GAP,tuberculosis,Active,370.0,Academic/Research,55.0
NCT05561504,Helicobacter Pylori Local Prevalence and Antibiotic Resistance,RECRUITING,,2021-03-31,2035-12-31,20000.0,Technical University of Munich,lead,2021.0,Post-WHO GAP,helicobacter pylori infection,Active,20000.0,Academic/Research,177.0
NCT04790565,Fecal Microbiota Transplantation for Carbapenem Resistant Enterobacteriaceae,COMPLETED,Phase 2/3,2021-04-01,2022-10-01,15.0,Rambam Health Care Campus,lead,2021.0,Post-WHO GAP,carbapenem-resistant enterobacteriaceae infection,Completed,15.0,Industry,18.0
NCT04783727,PredictEndTB Signature for Individualizing Treatment in Multidrug-Resistant Tuberculosis,TERMINATED,,2021-04-01,2022-11-01,4.0,Ludwig-Maximilians - University of Munich,collaborator,2021.0,Post-WHO GAP,"tuberculosis, multidrug-resistant",Terminated,4.0,Academic/Research,19.0
NCT04239326,Clinical Evaluation of tNGS for Diagnosis of DR-TB,COMPLETED,,2021-04-16,2023-06-30,800.0,"Foundation for Innovative New Diagnostics, Switzerland",lead,2021.0,Post-WHO GAP,"tuberculosis, multidrug-resistant",Completed,800.0,Academic/Research,26.4
NCT06882070,ROTA-biotic: Measuring the Impact of Rotavirus Vaccines on Paediatric Antibiotic Usage,COMPLETED,,2021-05-04,2024-06-04,1600.0,Noguchi Memorial Institute for Medical Research,collaborator,2021.0,Post-WHO GAP,microbiome,Completed,1600.0,Academic/Research,37.0
NCT04876430,Best Available Therapy With or Without Meropenem for Bloodstream Infections by Enterobacterales With High Level of Resistance to Carbapenems,TERMINATED,Phase 2/3,2021-05-04,2022-03-07,13.0,Conselho Nacional de Desenvolvimento Científico e Tecnológico,collaborator,2021.0,Post-WHO GAP,bloodstream infection,Terminated,13.0,Industry,10.1
NCT04785924,Imipenem/Cilastatin/Relebactam (IMI/REL) in Treatment of CRE Infections,WITHDRAWN,Phase 4,2021-06-07,2023-01-12,0.0,Wake Forest University Health Sciences,lead,2021.0,Post-WHO GAP,gram-negative bacterial infections,Withdrawn,0.0,Academic/Research,19.2
NCT04995133,Colistin Intravenous Administration in Critically Ill Patients Suffering From Hospital Infections Caused by Multi-antibiotic-resistant Germs.,UNKNOWN,Phase 4,2021-07-14,2022-01-30,20.0,Fondazione Policlinico Universitario Agostino Gemelli IRCCS,lead,2021.0,Post-WHO GAP,critically ill,,20.0,Industry,6.6
NCT04746222,Oral Capsule Faecal Microbiota Transplantation for CPE Decolonization,UNKNOWN,Phase 2/3,2021-07-31,2023-07-31,108.0,Singapore Clinical Research Institute,collaborator,2021.0,Post-WHO GAP,carbapenem-resistant enterobacteriaceae infection,,108.0,Academic/Research,24.0
NCT05268718,Au-Ag-Cu2O NG With PTT Anti Drug-resistant Microbial Keratitis,UNKNOWN,Phase 1,2021-08-01,2024-07-01,20.0,"Second Affiliated Hospital, School of Medicine, Zhejiang University",lead,2021.0,Post-WHO GAP,"keratitis, ulcerative",,20.0,Academic/Research,35.0
NCT04179500,A Trial to Evaluate the Male Reproductive Safety of Pretomanid in Adult Male Participants With Drug Resistant Pulmonary Tuberculosis,COMPLETED,Phase 2,2021-09-16,2024-07-17,26.0,Global Alliance for TB Drug Development,lead,2021.0,Post-WHO GAP,tuberculosis,Completed,26.0,Industry,34.0
NCT05017324,Sequencing Mycobacteria and Algorithm-determined Resistant Tuberculosis Treatment Trial,UNKNOWN,,2021-09-21,2025-01-31,248.0,Aurum Institute,collaborator,2021.0,Post-WHO GAP,drug-resistant tuberculosis,,248.0,Academic/Research,40.3
NCT05048693,Use of New Antibiotics in Sweden,COMPLETED,,2021-11-01,2023-12-30,41.0,Uppsala University,lead,2021.0,Post-WHO GAP,multi-antibiotic resistance,Completed,41.0,Academic/Research,25.9
NCT06872099,NAsal MEthicillin-resistant Staphylococcus (NAMES): a Prospective Study to Assess the Impact of Antibiotic Therapy on Nasal Colonization with Methicillin-resistant Staphylococcus Aureus (MRSA) Inhospitalized Children,RECRUITING,,2021-11-06,2025-03-19,76.0,Fondazione IRCCS Policlinico San Matteo di Pavia,lead,2021.0,Post-WHO GAP,nasal methicillin-resistant staphylococcus,Active,76.0,Industry,40.4
NCT04514484,Testing the Combination of the Anti-cancer Drugs XL184 (Cabozantinib) and Nivolumab in Patients With Advanced Cancer and HIV,ACTIVE_NOT_RECRUITING,Phase 1,2021-11-22,2027-02-06,8.0,National Cancer Institute (NCI),lead,2021.0,Post-WHO GAP,advanced differentiated thyroid gland carcinoma,Active,8.0,Academic/Research,62.5
NCT07425561,Derivation and Validation of the Risk Evaluation Score for Pneumonia Involving Resistant Entities (RESPIRE),COMPLETED,,2022-01-01,2026-02-08,300.0,Azienda Ospedaliero-Universitaria Careggi,lead,2022.0,Post-WHO GAP,multi drug resistant organisms,Completed,300.0,Industry,49.2
NCT05445414,A Mobile App Serious Game to Increase Awareness of Antibiotic Use in the Community,COMPLETED,,2022-01-04,2023-08-31,480.0,National Healthcare Group Polyclinics,collaborator,2022.0,Post-WHO GAP,antimicrobial resistance,Completed,480.0,Government,19.8
NCT05210387,Seven Versus 14 Days of Antibiotic Therapy for Multidrug-resistant Gram-negative Bacilli Infections,TERMINATED,,2022-01-27,2023-12-31,107.0,Hospital Moinhos de Vento,lead,2022.0,Post-WHO GAP,bloodstream infection,Terminated,107.0,Academic/Research,23.1
NCT05117788,Bioneer Q-RFIA Clinical Evaluation,ACTIVE_NOT_RECRUITING,,2022-02-23,2027-06-30,2350.0,Bioneer Corporation,collaborator,2022.0,Post-WHO GAP,"tuberculosis, multidrug-resistant",Active,2350.0,Industry,64.2
NCT05285657,Algorithm Using a Rapid Diagnostic Test for the Management of Childhood Febrile Diseases.,COMPLETED,,2022-02-28,2023-11-30,1176.0,"Institut de Recherche en Sciences de la Sante, Burkina Faso",lead,2022.0,Post-WHO GAP,antimicrobial resistance,Completed,1176.0,Industry,21.0
NCT05100407,Factors Impacting the Prevalence of MDR Bacteria,COMPLETED,,2022-03-01,2022-05-15,400.0,Kufa University,lead,2022.0,Post-WHO GAP,multi-antibiotic resistance,Completed,400.0,Academic/Research,2.5
NCT07496502,Effect of Oral Microbiota on MDRO Decolonization,COMPLETED,Phase 1/2,2022-03-31,2022-07-01,42.0,Instituto Nacional de Ciencias Medicas y Nutricion Salvador Zubiran,lead,2022.0,Post-WHO GAP,clostridioides difficile infection,Completed,42.0,Industry,3.0
NCT07058233,Oral Nutritional Supplementation and Weight Changes During Therapy in Malnourished Patients With Resistant Tuberculosis: A Clinical Trial,COMPLETED,,2022-04-01,2022-12-30,70.0,RSUP Persahabatan,lead,2022.0,Post-WHO GAP,pre-xdr tb,Completed,70.0,Industry,9.0
NCT07570927,Salivary Microbiota and Antimicrobial Resistance in Relation to Chlorhexidine Use,COMPLETED,,2022-04-11,2022-11-29,11.0,Masaryk University,lead,2022.0,Post-WHO GAP,saliva microbiome,Completed,11.0,Academic/Research,7.6
NCT05306223,A Study of an Oral Short-course Regimen Including Bedaquiline for the Treatment of Participants With Multidrug-resistant Tuberculosis in China,UNKNOWN,Phase 4,2022-05-10,2025-08-08,212.0,Beijing Chest Hospital,lead,2022.0,Post-WHO GAP,"tuberculosis, multidrug-resistant",,212.0,Academic/Research,39.0
NCT05081401,"Innovating(IN) Shorter(S), All- Oral, Precised(P), Individualized(I) Treatment Regimen(RE) for Rifampicin Resistant Tuberculosis(INSPIRE-TB)",RECRUITING,Phase 3,2022-05-23,2027-12-01,1050.0,Huashan Hospital,lead,2022.0,Post-WHO GAP,pre-xdr-tb,Active,1050.0,Academic/Research,66.3
NCT05175794,Triage Test for All Oral DR-TB Regimen (TRiAD Study),COMPLETED,,2022-05-26,2025-06-01,786.0,University of St Andrews,collaborator,2022.0,Post-WHO GAP,drug resistant tuberculosis,Completed,786.0,Academic/Research,36.2
NCT05258851,Ceftazidime-Avibactam Use in Critically Ill Patients With Carbapenem-Resistant Enterobacteriaceae Infections,TERMINATED,Phase 3,2022-06-01,2024-01-28,29.0,King Faisal Specialist Hospital & Research Center,lead,2022.0,Post-WHO GAP,carbapenem-resistant enterobacteriaceae infection,Terminated,29.0,Academic/Research,19.9
NCT03828201,"Efficacy and Tolerability of Bedaquiline, Delamanid, Levofloxacin, Linezolid, and Clofazimine to Treat MDR-TB",ACTIVE_NOT_RECRUITING,Phase 2,2022-06-07,2027-05-31,271.0,"National Lung Hospital, Vietnam",collaborator,2022.0,Post-WHO GAP,"tuberculosis, multidrug-resistant",Active,271.0,Academic/Research,59.8
NCT05549427,Ventilator Associated Pneumonia by Multi-Drug Resistant Organism,COMPLETED,,2022-06-09,2022-08-17,319.0,Sultan Qaboos University,lead,2022.0,Post-WHO GAP,multi-antibiotic resistance,Completed,319.0,Academic/Research,2.3
NCT06308692,Molecular Diagnostics of Bacterial Infections and Antibiotic Resistance in Blood Samples and Rectal Swabs Using Real Time PCR-ARES PCR Methods,UNKNOWN,,2022-06-28,2024-12-31,100.0,IRCCS Sacro Cuore Don Calabria di Negrar,lead,2022.0,Post-WHO GAP,drug resistant bacterial infection,,100.0,Industry,30.1
NCT05526911,"A Phase 1, Drug-Drug Interaction Study of TBAJ-876 in Healthy Adults",COMPLETED,Phase 1,2022-06-30,2022-09-26,28.0,Global Alliance for TB Drug Development,lead,2022.0,Post-WHO GAP,tuberculosis,Completed,28.0,Industry,2.9
NCT04648280,Safety and Pharmacokinetics Evaluation of Fostemsavir + (OBT) in HIV-1 Infected Children and Adolescents Who Are Failing Their cART and Have Dual- or Triple-class Antiretroviral Resistance,ACTIVE_NOT_RECRUITING,Phase 1/2,2022-06-30,2028-12-31,60.0,Hospital Universitario 12 de Octubre,collaborator,2022.0,Post-WHO GAP,hiv infections with multi drug resistant virus,Active,60.0,Academic/Research,78.1
NCT05871476,"Interventions to Decrease CRE Colonization and Transmission Between Hospitals, Households, Communities and Domesticated Animals",RECRUITING,,2022-07-01,2026-06-30,800.0,International Centre for Antimicrobial Resistance Solutions,collaborator,2022.0,Post-WHO GAP,antibiotic resistant infection,Active,800.0,Academic/Research,48.0
NCT05451836,N-of-1 Trials of Interventions to Improve Decision-making for Antibiotic Use,COMPLETED,,2022-07-04,2024-01-31,15157.0,"National University Hospital, Singapore",collaborator,2022.0,Post-WHO GAP,antimicrobial resistance,Completed,15157.0,Academic/Research,18.9
NCT05022238,"Hotspots, Households and Hospitals: Enhanced Drug-resistant Tuberculosis Case Finding in Namibia",RECRUITING,,2022-08-01,2026-09-30,2100.0,UK Medical Research Council (MRC),collaborator,2022.0,Post-WHO GAP,"tuberculosis, multidrug-resistant",Active,2100.0,Industry,50.0
NCT05544682,"Cefiderocol in the Treatment of Multidrug-resistant Gram-negative Bacilli Infections, a Retrospective Study",UNKNOWN,,2022-09-01,2023-12-31,15.0,"University Hospital, Strasbourg, France",lead,2022.0,Post-WHO GAP,multidrug resistant bacterial infection,,15.0,Academic/Research,16.0
NCT05824871,A Phase III Study of Oral Sudapyridine (WX-081) Tablets in Rifampicin-Resistant Pulmonary Tuberculosis Patients,RECRUITING,Phase 3,2022-09-02,2026-10-22,450.0,"Shanghai Jiatan Pharmatech Co., Ltd",lead,2022.0,Post-WHO GAP,"tuberculosis, multidrug-resistant (mdr-tb)",Active,450.0,Industry,49.6
NCT05529173,Povidone-Iodine for Nasal Decolonization,COMPLETED,Phase 4,2022-09-06,2023-11-17,192.0,"Rutgers, The State University of New Jersey",lead,2022.0,Post-WHO GAP,methicillin-resistant staphylococcus aureus,Completed,192.0,Academic/Research,14.4
NCT05007821,Linezolid Dosing Strategies in Drug-Resistant TB,COMPLETED,Phase 2,2022-09-27,2026-01-13,138.0,"Otsuka Pharmaceutical Development & Commercialization, Inc.",collaborator,2022.0,Post-WHO GAP,tuberculosis,Completed,138.0,Industry,39.6
NCT05734391,Surveillance of Healthcare-associated Infections & Antimicrobial Resistance,ENROLLING_BY_INVITATION,,2022-10-01,2027-12-20,1500.0,University of Pennsylvania,lead,2022.0,Post-WHO GAP,antimicrobial resistance,Active,1500.0,Academic/Research,62.6
NCT05195866,CRP for Respiratory Diagnosis in Kyrgyz Pediatric Practice,COMPLETED,,2022-11-01,2023-04-06,1204.0,Copenhagen School of Global Health,collaborator,2022.0,Post-WHO GAP,crp,Completed,1204.0,Academic/Research,5.1
NCT05594901,Impact of a Risk Stratification Tool on the Outcome of Liver Transplant Recipients Colonized With Carbapenem Resistant Enterobacteriaceae: an Observational Study,ACTIVE_NOT_RECRUITING,,2022-11-01,2025-06-30,240.0,Università degli Studi di Verona - Gastroenterologia Verona,collaborator,2022.0,Post-WHO GAP,liver transplantation,Active,240.0,Industry,31.9
NCT05381194,BPaL(M) Regimen for the Treatment of MDR/RR-TB,RECRUITING,Phase 4,2022-12-13,2027-12-31,80.0,Pusan National University Hospital,collaborator,2022.0,Post-WHO GAP,multidrug- and rifampicin-resistant tuberculosis,Active,80.0,Academic/Research,60.6
NCT05606627,Correlation Between Antibiotic Resistance and Incidence of Sepsis in Community Acquired Pneumonia,UNKNOWN,,2022-12-31,2024-04-30,48.0,Assiut University,lead,2022.0,Post-WHO GAP,community-acquired pneumonia,,48.0,Academic/Research,16.0
NCT05850871,Drug Resistance Mechanism of Enterobacteriaceae and Its Strategies,UNKNOWN,,2023-01-06,2025-01-31,427.0,Qianfoshan Hospital,lead,2023.0,Post-WHO GAP,carbapenem-resistant enterobacteriaceae infection,,427.0,Academic/Research,24.8
NCT07086391,Different Methods of Aerosolized Polymyxin B Inhalation for Treating Carbapenem-Resistant Gram-Negative Bacterial Pneumonia.,RECRUITING,,2023-02-01,2026-02-01,144.0,Fujian Medical University Union Hospital,lead,2023.0,Post-WHO GAP,pneumonia - bacterial,Active,144.0,Academic/Research,36.0
NCT05555303,Preventing Acquired Resistance: Strengthen TB Treatment by Adding Amikacin in the First Treatment Week of Multidrug-resistant Tuberculosis,UNKNOWN,Phase 2,2023-03-01,2026-02-28,20.0,World Health Organization,collaborator,2023.0,Post-WHO GAP,"tuberculosis, multidrug-resistant",,20.0,Industry,36.0
NCT05633056,An Adaptive Randomized Controlled Trial,RECRUITING,,2023-03-07,2029-04-30,360.0,Centre for the AIDS Programme of Research in South Africa,collaborator,2023.0,Post-WHO GAP,multi drug resistant tuberculosis,Active,360.0,Academic/Research,73.8
NCT05942157,Therapeutic Drug Monitoring in Patients With Difficult-to-Treat Gram-Negative Bacterial Infections,UNKNOWN,,2023-03-29,2025-12-31,810.0,Singapore General Hospital,lead,2023.0,Post-WHO GAP,antimicrobial resistance,,810.0,Academic/Research,33.1
NCT06036628,Resistant Bacteria in Children in France,COMPLETED,,2023-04-01,2025-12-19,306.0,Pfizer,collaborator,2023.0,Post-WHO GAP,hospital discharge,Completed,306.0,Industry,32.6
NCT05751317,Phenotypic and Genotypic Variations of Enterococcus Spp,UNKNOWN,,2023-04-01,2024-03-30,100.0,Sohag University,lead,2023.0,Post-WHO GAP,studying effect of nanoparticles on enterococci biofilm,,100.0,Academic/Research,12.0
NCT05534750,Evaluation of the Early Bactericidal Activity of Tedizolid and Linezolide Against Mycobacterium Tuberculosis (TEDITUB),RECRUITING,Phase 2,2023-04-20,2026-05-31,60.0,Assistance Publique - Hôpitaux de Paris,lead,2023.0,Post-WHO GAP,tuberculosis,Active,60.0,Industry,37.4
NCT04171817,Animal-Assisted Visitation Program Chlorhexidine Trial,COMPLETED,Phase 4,2023-05-01,2026-04-01,45.0,Children's Hospital of Philadelphia,collaborator,2023.0,Post-WHO GAP,clostridium difficile,Completed,45.0,Academic/Research,35.0
NCT05897801,Distinguishing Bacterial and Viral Infections by MeMed BV® Test to Limit Gut Colonization by MDRO,COMPLETED,,2023-05-29,2024-01-31,230.0,Hellenic Institute for the Study of Sepsis,lead,2023.0,Post-WHO GAP,viral infection,Completed,230.0,Academic/Research,8.1
NCT05296837,Ocular Rosacea Biome Study,ACTIVE_NOT_RECRUITING,Phase 4,2023-06-22,2026-07-31,50.0,"University of California, San Francisco",lead,2023.0,Post-WHO GAP,ocular rosacea,Active,50.0,Academic/Research,37.3
NCT06076603,Comparison of Epithelial Lining Fluid and Blood Pharmacokinetics and Pharmacodynamics of Intravenous and Intravenous Plus Nebulized Polymyxin B in Multidrug Resistant Bacteria Ventilator-associated Pneumonia Patients,UNKNOWN,,2023-07-01,2024-08-01,30.0,"Southeast University, China",lead,2023.0,Post-WHO GAP,ventilator-associated pneumonia,,30.0,Academic/Research,13.0
NCT05960084,Impact of Reducing Colistin Use on Colistin Resistance in Humans and Poultry in Indonesia,UNKNOWN,,2023-07-23,2025-06-01,803.0,Institute of Tropical Medicine,collaborator,2023.0,Post-WHO GAP,antimicrobial resistance,,803.0,Academic/Research,22.3
NCT05671718,Bring BPaL2Me Trial Comparing Nurse-Led RR-TB Treatment to Physician-Led RR-TB Treatment,RECRUITING,,2023-09-04,2030-12-31,2944.0,"University of Witwatersrand, South Africa",collaborator,2023.0,Post-WHO GAP,drug resistant tuberculosis,Active,2944.0,Academic/Research,87.9
NCT07234734,Prevalence of Multi-Drug Resistant Bacteria in Long-term Care Facilities,COMPLETED,,2023-09-05,2024-06-01,581.0,Fondazione IRCCS Policlinico San Matteo di Pavia,lead,2023.0,Post-WHO GAP,nasal methicillin-resistant staphylococcus,Completed,581.0,Industry,8.9
NCT06049771,The Population Pharmacokinetics Study of Tigecycline and Pharmacokinetics- Pharmacodynamics Index in Patients With Carbapenem Resistant Enterobacteriaceae Bloodstream Infection,UNKNOWN,,2023-09-17,2025-06-30,72.0,Phramongkutklao College of Medicine and Hospital,lead,2023.0,Post-WHO GAP,carbapenem-resistant enterobacteriaceae,,72.0,Academic/Research,21.4
NCT06001333,Efficacy and Safety of FMT for the Decolonization of MDROs in the Intestinal Tract,RECRUITING,,2023-09-18,2026-12-31,240.0,Chuncheon Sacred Heart Hospital,lead,2023.0,Post-WHO GAP,vancomycin (glycopeptide) resistant enterococcus (vre),Active,240.0,Academic/Research,39.4
NCT06451172,Novel Antisense Oligonucleotide Eye Drops for Treating Antibiotic-Resistant Bacterial Keratitis,RECRUITING,Phase 1,2023-10-11,2026-10-31,20.0,Eye & ENT Hospital of Fudan University,lead,2023.0,Post-WHO GAP,corneal diseases,Active,20.0,Academic/Research,36.7
NCT06224036,Clinical Study of JDB0131 Benzenesulfonate Tablets in Patients With Drug-sensitive Pulmonary Tuberculosis,UNKNOWN,Phase 2,2023-10-31,2024-03-31,52.0,Beijing Chest Hospital,lead,2023.0,Post-WHO GAP,drug-resistant tuberculosis,,52.0,Academic/Research,5.0
NCT06051513,Efficacy and Safety of Colistimethate Sodium for Injection in The Treatment of Carbapenem-Resistant Enterobacteriaceae Infection,RECRUITING,,2023-11-27,2025-12-31,404.0,"Southeast University, China",lead,2023.0,Post-WHO GAP,carbapenem-resistant enterobacteriaceae infection,Active,404.0,Academic/Research,25.1
NCT06717594,PK/PD Relationship of CAZ/AVI and FOS in the Treatment of Patients With Infections Due to CRE,RECRUITING,,2023-12-01,2026-04-30,60.0,IRCCS Azienda Ospedaliero-Universitaria di Bologna,lead,2023.0,Post-WHO GAP,gram negative infections,Active,60.0,Industry,28.9
NCT05979545,EaRly impAct theraPy With Ceftazidime-avibactam Via rapID Diagnostics,RECRUITING,Phase 4,2023-12-12,2026-12-31,1900.0,National University of Singapore,lead,2023.0,Post-WHO GAP,healthcare associated infection,Active,1900.0,Academic/Research,36.6
NCT06081361,"Innovating Shorter, All- Oral, Precised, Individualized Treatment Regimen for Rifampicin Resistant Tuberculosis：Contezolid, Delamanid and Bedaquiline Cohort",ACTIVE_NOT_RECRUITING,Phase 3,2023-12-22,2026-12-31,186.0,National Medical Center for Infectious Diseases,collaborator,2023.0,Post-WHO GAP,pulmonary tuberculosis,Active,186.0,Academic/Research,36.3
NCT05981430,Fecal Microbiota Transplantation for Decolonization of Carbapenem-resistant Enterobacteriaceae,UNKNOWN,,2024-01-01,2025-08-19,80.0,The University of Hong Kong,lead,2024.0,Post-WHO GAP,fecal microbiota transplantation,,80.0,Academic/Research,19.6
NCT05089760,"Microbiology, Antimicrobial Resistance and Outcomes of Neonatal Sepsis in China",UNKNOWN,,2024-01-01,2024-12-31,1200.0,Children's Hospital of Fudan University,lead,2024.0,Post-WHO GAP,antimicrobial resistance,,1200.0,Academic/Research,12.0
NCT07176247,Real-world Multicentre Study of AZtreonam-AVIbactam Treatment With Infections or Suspected Infections Caused by Multidrug-resistant Gram-negative Bacteria,ENROLLING_BY_INVITATION,,2024-01-01,2028-12-31,100.0,SPILF,collaborator,2024.0,Post-WHO GAP,antibiotic resistance,Active,100.0,Industry,60.0
NCT06228248,Antibiotics Resistance Gene in Healthcare Workers,COMPLETED,,2024-01-18,2024-11-10,250.0,First Affiliated Hospital of Zhejiang University,lead,2024.0,Post-WHO GAP,multidrug resistant bacterial infection,Completed,250.0,Academic/Research,9.8
NCT06210542,Precise Treatment of Ceftazidime-Avibactam in Patients With CRO Infections Under the Guidance of TDM and PPK Model,NOT_YET_RECRUITING,,2024-01-31,2026-12-31,50.0,Sichuan Provincial People's Hospital,lead,2024.0,Post-WHO GAP,carbapenem-resistant enterobacteriaceae infection,Active,50.0,Academic/Research,35.0
NCT05791396,FMT to Eradicate Intestinal Colonization by Carbapenem-resistant Enterobacteriaceae,RECRUITING,Phase 1/2,2024-02-08,2026-04-30,36.0,Fondazione Policlinico Universitario Agostino Gemelli IRCCS,lead,2024.0,Post-WHO GAP,multi-antibiotic resistance,Active,36.0,Industry,26.7
NCT06391463,Multi-resistant and Spore-forming Bacteria in a Neonatal Intensive Care Unit,UNKNOWN,,2024-03-01,2024-09-01,1500.0,Hospices Civils de Lyon,lead,2024.0,Post-WHO GAP,multidrug resistant bacterial infection,,1500.0,Industry,6.0
NCT06392568,Epidemiological Features of Emergent Highly Resistant Bacteria in Tunisian Intensive Care Units,UNKNOWN,,2024-04-01,2024-05-31,500.0,Abderrahmane Mami Hospital,lead,2024.0,Post-WHO GAP,vancomycin-resistant enterococcal infection,,500.0,Academic/Research,2.0
NCT07258225,Clinical Effectiveness of a Once-daily Regimen of Tigecycline Compared to the Standard Regimen,ACTIVE_NOT_RECRUITING,Phase 4,2024-04-01,2026-04-30,86.0,"Air Force Specialized Hospital, Cairo, Egypt",lead,2024.0,Post-WHO GAP,multi drug resistant infections,Active,86.0,Academic/Research,24.9
NCT06356285,Testing New Ways to Name Antimicrobial Resistance,COMPLETED,,2024-04-10,2024-05-01,4296.0,The Behavioural Insights Team,collaborator,2024.0,Post-WHO GAP,attitude to health,Completed,4296.0,Industry,0.7
NCT06371560,"Antibiotics, Antibiotic Resistance, and Prescribing Practices Among Periodontists: Cross Sectional KAP Study",UNKNOWN,,2024-04-25,2024-10-30,400.0,Cairo University,lead,2024.0,Post-WHO GAP,periodontitis,,400.0,Academic/Research,6.2
NCT06358872,Azithromycin for Child Survival in Niger II,RECRUITING,Phase 4,2024-04-29,2028-04-29,3300000.0,Ministère de la Santé Publique du Niger,collaborator,2024.0,Post-WHO GAP,antimicrobial resistance,Active,25732.0,Industry,48.0
NCT06305455,Resistance Profile of Escherichia Coli in Infections of Community Origin: The Importance of Antimicrobial Stewardship,UNKNOWN,,2024-04-30,2024-10-31,200.0,José Raimundo Araujo de Azevedo,lead,2024.0,Post-WHO GAP,antimicrobial resistance,,200.0,Industry,6.0
NCT07527182,"Artemisinin Partial Resistance in Ethiopian Plasmodium Falciparum: A Multisite Clinical, Molecular and In Vitro Study",COMPLETED,,2024-05-01,2026-04-07,277.0,Didier Menard,lead,2024.0,Post-WHO GAP,artemisinin-resistant,Completed,277.0,Industry,23.2
NCT06632132,Antimicrobial Resistance Training for Hemodialysis Nurses,COMPLETED,,2024-06-01,2024-07-02,64.0,Jordan University of Science and Technology,lead,2024.0,Post-WHO GAP,antimicrobial resistance in hemodialysis,Completed,64.0,Academic/Research,1.0
NCT06370299,"Screening of Multidrug Resistant Bacteria, and the Clinical Implication for the Patient",UNKNOWN,,2024-06-01,2025-06-30,10000.0,Region Skane,lead,2024.0,Post-WHO GAP,multi-antibiotic resistance,,10000.0,Industry,12.9
NCT06651047,PK/PD Analysis of Ceftazidime/Avibactam or Cefiderocol With or Without Fosfomycin for the Treatment of Difficult To-treat Gram-negative Infections,RECRUITING,,2024-07-09,2025-09-30,120.0,University of Bologna,lead,2024.0,Post-WHO GAP,antimicrobial resistance (amr),Active,120.0,Academic/Research,14.7
NCT06522945,To Evaluate the Pharmacokinetics and Safety of TQD3524 for Injection in Renal Impairment Subjects,COMPLETED,Phase 1,2024-07-24,2025-12-18,48.0,"Chia Tai Tianqing Pharmaceutical Group Co., Ltd.",lead,2024.0,Post-WHO GAP,multi-resistant gram-negative bacteria cause infection,Completed,48.0,Industry,16.8
NCT06566898,Monitoring of Antimicrobial Resistance Based on Metagenomics Analyses in Pneumonia Patients,RECRUITING,,2024-08-01,2026-09-30,800.0,"Shanghai General Hospital, China",lead,2024.0,Post-WHO GAP,pneumonia,Active,800.0,Academic/Research,26.0
NCT05553236,Pragmatic Use of Next-generation Sequencing for Management of Drug-resistant Tuberculosis,RECRUITING,,2024-08-01,2027-01-31,2500.0,Find,collaborator,2024.0,Post-WHO GAP,cost-benefit analysis,Active,2500.0,Industry,30.0
NCT05632315,PMT for MDRO Decolonization,ACTIVE_NOT_RECRUITING,Phase 2,2024-08-19,2026-08-31,32.0,University of Pennsylvania,lead,2024.0,Post-WHO GAP,enterobacteriaceae infections,Active,32.0,Academic/Research,24.4
NCT07364435,Effect of Bed Bathing Methods on VRE Colonization in ICU Patients,COMPLETED,,2024-09-01,2025-08-01,210.0,Özkan Kasap,lead,2024.0,Post-WHO GAP,vancomycin-resistant enterococcus,Completed,210.0,Industry,11.0
NCT07371507,Effect of a Health Education Program on Teachers' Antibiotic Use Practices,COMPLETED,,2024-09-01,2025-07-01,106.0,Hawler Medical University,lead,2024.0,Post-WHO GAP,antibiotic resistance prevention,Completed,106.0,Academic/Research,10.0
NCT06565806,French National Cohort of Patients With Rifampicin-Resistant Tuberculosis,NOT_YET_RECRUITING,,2024-09-01,2032-09-01,300.0,Assistance Publique - Hôpitaux de Paris,lead,2024.0,Post-WHO GAP,rifampicin-resistant tuberculosis,Active,300.0,Industry,96.0
NCT06750744,Predictors of Antimicrobial Resistance in the Respiratory Intensive Care Unit of Alexandria Main University Hospital,COMPLETED,,2024-10-01,2024-12-12,50.0,Mohamed Sabry,lead,2024.0,Post-WHO GAP,identify the predictors of antibiotic resistance,Completed,50.0,Industry,2.4
NCT07352371,Metaphors to Enhance Antibiotic Appropriate Use Knowledge and Behaviours to Reduce Educational Disparities,COMPLETED,,2024-10-16,2024-11-10,866.0,Bo Yan,lead,2024.0,Post-WHO GAP,antimicrobial resistance,Completed,866.0,Industry,0.8
NCT06649721,"Innovating Shorter, All- Oral, Precised Treatment Regimen for Rifampicin Resistant Tuberculosis：BDLL Chinese Cohort",ACTIVE_NOT_RECRUITING,Phase 3,2024-11-27,2027-06-30,120.0,Huashan Hospital,lead,2024.0,Post-WHO GAP,drug-resistant tuberculosis,Active,120.0,Academic/Research,31.0
NCT06674291,Registry on the Effectiveness and Safety of the 9-month MDR-END Treatment Regimen in Korean Patients with FQ-sensitive MDR-TB (MDR-END Registry),NOT_YET_RECRUITING,,2024-11-30,2028-12-31,222.0,"Korea Otsuka Pharmaceutical Co., Ltd.",lead,2024.0,Post-WHO GAP,"tuberculosis, multidrug-resistant",Active,222.0,Industry,49.0
NCT06636890,Correlation Analysis of Xpert Carba-R Detection of Non-colonized CRE in BALF and Rectal Swabs From Patients With LRTI,ENROLLING_BY_INVITATION,,2024-12-01,2026-05-31,200.0,The First Affiliated Hospital with Nanjing Medical University,lead,2024.0,Post-WHO GAP,carbapenem-resistant enterobacteriaceae,Active,200.0,Academic/Research,17.9
NCT06778083,STI Prophylaxis and Emergence of Antimicrobial Resistance,RECRUITING,,2025-02-10,2027-04-30,108.0,University of Oxford,collaborator,2025.0,Post-WHO GAP,sexually transmitted infection (sti) prevention,Active,108.0,Academic/Research,26.6
NCT06590675,Development and Evaluation of a ChlorHexidine Gluconate bAthing pRotocol for Healthcare Settings in Low- and Middle-income Countries,TERMINATED,,2025-02-19,2025-03-19,19.0,Centers for Disease Control and Prevention,collaborator,2025.0,Post-WHO GAP,multidrug resistant bacterial infection,Terminated,19.0,Academic/Research,0.9
NCT06436690,Optimizing Antibiotics Prescription,ACTIVE_NOT_RECRUITING,,2025-04-15,2026-04-30,56.0,Penn State University,lead,2025.0,Post-WHO GAP,antimicrobial resistance,Active,56.0,Academic/Research,12.5
NCT06701136,Drug-Drug Interaction and Food Effect of Sudapyridine(WX-081) With Itraconazole and Rifampin in Healthy Chinese Adults,NOT_YET_RECRUITING,Phase 1,2025-05-12,2026-02-12,16.0,"Shanghai Jiatan Pharmatech Co., Ltd",lead,2025.0,Post-WHO GAP,rifampicin-resistant pulmonary tuberculosis patients,Active,16.0,Industry,9.1
NCT07445282,This Randomized Controlled Trial Evaluates the Comparative Efficacy of Intravenous Meropenem Alone Versus Intravenous Meropenem Combined With Oral Azithromycin in Children Aged 6 Months to Under 5 Years Diagnosed With Blood Culture-confirmed Extensively Drug-resistant Uncomplicated Typhoid Fever,COMPLETED,Phase 4,2025-05-14,2025-11-14,90.0,Sheikh Zayed Medical College,lead,2025.0,Post-WHO GAP,typhoid fever,Completed,90.0,Academic/Research,6.0
NCT07013552,Oritavancin for CIED Infections With MDR Gram-positive Cocci,NOT_YET_RECRUITING,,2025-06-30,2026-10-31,100.0,Medical University of Silesia,lead,2025.0,Post-WHO GAP,gram positive bacterial infection,Active,100.0,Academic/Research,16.0
NCT07017803,"Molecular Epidemiology, Strains Genotyping of Multi-drug Resistant Tuberculosis Circulating in Central Africa Region",NOT_YET_RECRUITING,,2025-07-01,2026-01-31,460.0,Centre Pasteur du Cameroun,collaborator,2025.0,Post-WHO GAP,"tuberculosis, multi drug resistant",Active,460.0,Academic/Research,7.0
NCT05582694,A Trial of Anti-CD4 Antibody UB-421 in Combination With Optimized Background Antiretroviral Therapy in Patients With Multi-Drug Resistant HIV-1 Infection,WITHDRAWN,Phase 2,2025-07-10,2025-07-10,0.0,National Institute of Allergy and Infectious Diseases (NIAID),lead,2025.0,Post-WHO GAP,multi-drug resistant hiv-1 infection,Withdrawn,0.0,Academic/Research,0.0
NCT07160569,Microbiological and Clinical Characteristics of Severe Infections Caused by Carbapenem-Resistant Enterobacterales,NOT_YET_RECRUITING,,2025-09-01,2026-08-31,100.0,Fondazione Policlinico Universitario Agostino Gemelli IRCCS,lead,2025.0,Post-WHO GAP,carbapenem-resistant enterobacteriaceae infection,Active,100.0,Industry,12.0
NCT07170800,A Phase 2b Clinical Study of JDB0131 Benzenesulfonate Tablets,RECRUITING,Phase 2,2025-09-19,2026-09-04,60.0,"WestVac Biopharma Co., Ltd.",lead,2025.0,Post-WHO GAP,multidrug resistant pulmonary tuberculosis,Active,60.0,Industry,11.5
NCT07191834,A Study on the Short - Course Treatment Regimen Containing Pretomanid for Diabetes Mellitus Complicated With Rifampicin - Resistant/Multidrug - Resistant Pulmonary Tuberculosis,NOT_YET_RECRUITING,,2025-09-30,2027-09-30,60.0,Wuhan Pulmonary Hospital,lead,2025.0,Post-WHO GAP,pretomanid,Active,60.0,Academic/Research,24.0
NCT07228598,Biofilm on Chest Drains After Thoracic Surgery: Clinical Impact and Antibiotic Resistance,RECRUITING,,2025-10-01,2026-07-01,180.0,"Caner İşevi, MD",lead,2025.0,Post-WHO GAP,postoperative infection,Active,180.0,Industry,9.0
NCT07206745,A Study on Integrated Chinese and Western Medicine for Severe Pneumonia Caused by Multidrug-Resistant Gram-Negative Bacterial Infections,NOT_YET_RECRUITING,,2025-10-01,2027-12-31,152.0,Third Affiliated Hospital of Henan University of Traditional Chinese Medicine,collaborator,2025.0,Post-WHO GAP,severe pneumonia caused by multidrug-resistant gram-negative bacterial infection,Active,152.0,Academic/Research,27.0
NCT06441006,Program for Rifampicin-Resistant Disease With Stratified Medicine for Tuberculosis,RECRUITING,Phase 2/3,2025-10-03,2031-08-31,400.0,"University of California, San Francisco",lead,2025.0,Post-WHO GAP,"tuberculosis, pulmonary",Active,400.0,Academic/Research,70.9
NCT07265817,Fecal Microbiota Transplantation for Decolonization of Multidrug-resistant Microorganisms,NOT_YET_RECRUITING,,2025-12-01,2027-10-01,60.0,Kyungpook National University Hospital,lead,2025.0,Post-WHO GAP,carbapenem-resistant enterobacteriaceae colonization,Active,60.0,Academic/Research,22.0
NCT07268664,"Innovating Shorter, All- Oral, Precised Treatment Regimen for Rifampicin Resistant Tuberculosis：BLMZ Chinese Cohort",NOT_YET_RECRUITING,Phase 3,2025-12-01,2028-08-31,120.0,Huashan Hospital,collaborator,2025.0,Post-WHO GAP,rifampicin resistant tuberculosis,Active,120.0,Academic/Research,33.0
NCT07393308,Development and Implementation of Mobile Antibiograms to Optimize Empirical Antibiotic Prescriptions Among Prescribers in Tertiary Hospitals in Tanzania,NOT_YET_RECRUITING,,2026-02-01,2028-06-30,300.0,Muhimbili University of Health and Allied Sciences,lead,2026.0,Post-WHO GAP,antimicrobial prescribing practices,Active,300.0,Academic/Research,28.9
NCT07393438,Acetohydroxamic Acid Combined With a Short-Course Regimen for MDR-TB (AHA-PLUS),NOT_YET_RECRUITING,Phase 2,2026-02-21,2028-11-30,120.0,"Shanghai Pulmonary Hospital, Shanghai, China",lead,2026.0,Post-WHO GAP,mdr-tb,Active,120.0,Academic/Research,33.3
NCT07382271,"Evaluation of Safety and Efficacy of Phage Therapy for Drug-resistant Bacterial Infections: An Exploratory, Prospective Single-arm Study",NOT_YET_RECRUITING,,2026-02-28,2026-08-31,6.0,The Affiliated Nanjing Drum Tower Hospital of Nanjing University Medical School,lead,2026.0,Post-WHO GAP,urinary tract infections,Active,6.0,Academic/Research,6.0
NCT07475429,Impact of Siderophore Genes on Cefiderocol Susceptibility in Carbapenem Resistant Hypervirulent Klebsiella Pneumoniae,NOT_YET_RECRUITING,,2026-03-15,2026-10-01,100.0,Sohag University,lead,2026.0,Post-WHO GAP,carbapenem-resistant hypervirulent klebsiella pneumoniae infection,Active,100.0,Academic/Research,6.6
NCT07234331,A Multicentre Study of Wastewater and Antibiotic Resistance in Care Homes.,RECRUITING,,2026-03-16,2027-06-30,1600.0,Nantes University Hospital,lead,2026.0,Post-WHO GAP,antimicrobial resistance,Active,1600.0,Academic/Research,15.5
NCT07503600,The Effect of Adjunctive Melatonin With Colistin in Patients With Multidrug-Resistant Gram-Negative Bacterial Infections,NOT_YET_RECRUITING,Phase 3,2026-03-26,2026-08-26,70.0,Ain Shams University,lead,2026.0,Post-WHO GAP,antimicrobial resistance,Active,70.0,Academic/Research,5.0
NCT07478484,Different Administration Regimens of CAZ-AVI in Combination With ATM for the Treatment of CR-GNB,RECRUITING,Phase 4,2026-03-31,2028-01-31,144.0,Jing Zhou,lead,2026.0,Post-WHO GAP,gram-negative bacterial infection,Active,144.0,Industry,22.0
NCT07477119,Linezolid Tolerance During the BPaL Regimen With Dosage Personalization Based on Therapeutic Drug Monitoring (TDM) During Multidrug-Resistant Tuberculosis Treatment,NOT_YET_RECRUITING,Phase 4,2026-03-31,2028-04-30,150.0,University of Milan,collaborator,2026.0,Post-WHO GAP,therapeutic drug monitoring (tdm),Active,150.0,Academic/Research,25.0
NCT07109791,National Surveillance and Prevention of Neonatal VAP,RECRUITING,,2026-04-01,2029-09-30,1500.0,University of Alberta,lead,2026.0,Post-WHO GAP,antibiotic-resistant organisms (aros),Active,1500.0,Academic/Research,42.0
NCT06590428,Therapeutic Drug Monitoring for Linezolid in the Treatment of Rifampin-resistant Tuberculosis,RECRUITING,,2026-04-07,2029-12-31,280.0,National Institute of Allergy and Infectious Diseases (NIAID),collaborator,2026.0,Post-WHO GAP,drug-resistant tuberculosis,Active,280.0,Academic/Research,44.8
NCT07486024,Feasibility of the Application of a New Six-month Treatment for Multidrug-resistant Tuberculosis (MDR-TB) Patients in France (FAST-MDR),NOT_YET_RECRUITING,Phase 3,2026-04-30,2032-02-29,55.0,Assistance Publique - Hôpitaux de Paris,lead,2026.0,Post-WHO GAP,antibiotic resistance,Active,55.0,Industry,70.0
NCT07541690,Phenotypic and Genotypic Detection of Biofilm Formation and Efflux Pump Activity in Multi-drug Resistant Klebsiella Pneumoniae,NOT_YET_RECRUITING,,2026-04-30,2027-02-28,100.0,Sohag University,lead,2026.0,Post-WHO GAP,multidrug resistant klebsiella pneumoniae infection,Active,100.0,Academic/Research,10.0
NCT07505446,Characterization of the Synergistic Antibacterial Effect of Verapamil on Bacterial Isolates From Cancer Patients,NOT_YET_RECRUITING,,2026-05-01,2027-06-01,100.0,Assiut University,lead,2026.0,Post-WHO GAP,antibiotic resistance,Active,100.0,Academic/Research,13.0
NCT05007795,Test to Treat TB: Impact of Sputum Sequencing-guided Individualised Therapy on Outcomes in Drug-resistant Tuberculosis,NOT_YET_RECRUITING,,2026-06-01,2028-10-30,280.0,Stichting Katholieke Universiteit,collaborator,2026.0,Post-WHO GAP,"tuberculosis, multidrug-resistant",Active,280.0,Industry,29.0
NCT03786900,Fecal Microbiota Transplantation (FMT): PRIM-DJ2727,AVAILABLE,,,,,"Herbert DuPont, MD",lead,,,multidrug-resistant klebsiella pneumoniae urinary tract infection,,,Industry,
NCT00457704,Carriage and Transmission of Methicillin-Resistant Staphylococcus Aureus (MRSA) in Patients Admitted to Home Care.,TERMINATED,,,,,Assistance Publique - Hôpitaux de Paris,lead,,,methicillin-resistant staphylococcus aureus,Terminated,,Industry,
NCT00989872,Safety and Pharmacokinetics of Ascending Single Oral Doses of EDP-322 in Nonfasting and Fasting Healthy Volunteers,COMPLETED,Phase 1,,,67.0,"Enanta Pharmaceuticals, Inc",lead,,,methicillin-resistant staphylococcus aureus,Completed,67.0,Industry,
